{"site_devices":[{"siteid":"330","site_unid":"4277159A3664FBFCA08826D144526D9D","name":"NA FREEDOM RD [ALLTEL ] [TOWER ONLY]","switch":"RaleighA","techname":"Gomez-Estevez, Crispin","csr_hostnames":["GRNRNCJBT1A-P-CI-0330-01"]},{"siteid":"155614","site_unid":"42683D83AC1257D33B4C929AB6FEEEC3","name":"NA GARNER","switch":"RaleighA","techname":"Holmes, Herman","csr_hostnames":["GRNRNCJBT1A-P-CI-0614-01"]},{"siteid":"155691","site_unid":"530CF30A966303259805C0CF670716B0","name":"NA HIGHWAY 401 42","switch":"RaleighA","techname":"Swink, Michael","csr_hostnames":["GRNRNCJBT1A-P-CI-0691-01"]},{"siteid":"155708","site_unid":"CB309F2BDCDA07A9B9E6CC44D7DD6274","name":"NA HIGHWAY 50 70","switch":"RaleighA","techname":"Dymond, William","csr_hostnames":["GRNRNCJBT1A-P-CI-0708-01"]},{"siteid":"155688","site_unid":"896DD54054AB2EA8AABCAD1F0FDCD3DA","name":"NA HIGHWAY 55 SOUTH","switch":"RaleighA","techname":"Swink, Michael","csr_hostnames":["GRNRNCJBT1A-P-CI-0688-01"]},{"siteid":"155118","site_unid":"B337F2E9D99EC0A92E6D0610DD065323","name":"NA HOLLAND RDU","switch":"RaleighA","techname":"Dymond, William","csr_hostnames":["GRNRNCJBT1A-P-CI-0118-01"]},{"siteid":"155080","site_unid":"35D21C692DA1A1D5F20FCA1BD86075B4","name":"NA HOLLY GLENN","switch":"RaleighA","techname":"Swink, Michael","csr_hostnames":["GRNRNCJBT1A-P-CI-0080-01"]},{"siteid":"155686","site_unid":"1F679AE7E6CAAE594A3818F2592BD66A","name":"NA HOLLY SPRINGS ROAD","switch":"RaleighA","techname":"Swink, Michael","csr_hostnames":["GRNRNCJBT1A-P-CI-0686-01"]},{"siteid":"155081","site_unid":"D52E318A52EF4EEBFC9231ABFA355E95","name":"NA HOLT ROAD [ALLTEL REV]","switch":"RaleighA","techname":"Dymond, William","csr_hostnames":["GRNRNCJBT1A-P-CI-0081-01"]},{"siteid":"155409","site_unid":"B6AD2A0FAD20763224BD40A0F51BE0BF","name":"NA GORMAN [ALLTEL]","switch":"RaleighA","techname":"Dymond, William","csr_hostnames":["GRNRNCJBT1A-P-CI-0409-01"]},{"siteid":"155394","site_unid":"4B72D7F5AF8F8456060A19BB458357A5","name":"NA GUY [ALLTEL]","switch":"RaleighA","techname":"Holmes, Herman","csr_hostnames":["GRNRNCJBT1A-P-CI-0394-01"]},{"siteid":"155206","site_unid":"DA5B0F090C259C66AEC2F594390C2139","name":"NA HIGH HOUSE","switch":"RaleighA","techname":"Dymond, William","csr_hostnames":["GRNRNCJBT1A-P-CI-0206-01"]},{"siteid":"155134","site_unid":"C4383EB7529FC0E0FE788A628A2A980D","name":"NA HIGHWAY 210","switch":"RaleighA","techname":"Holmes, Herman","csr_hostnames":["GRNRNCJBT1A-P-CI-0134-01"]},{"siteid":"507","site_unid":"2B1035A3579DDB13DCB3CD6C6B765569","name":"NA NORTH RIDGE II [ALLTEL]","switch":"RaleighA","techname":"Backhaus, Fred","csr_hostnames":["GRNRNCJBT1A-P-CI-0507-01"]},{"siteid":"155633","site_unid":"2E9A8BC054B508A573461CBA94CCDEF8","name":"NA NORTH SALEM 64","switch":"RaleighA","techname":"Swink, Michael","csr_hostnames":["GRNRNCJBT1A-P-CI-0633-01"]},{"siteid":"155078","site_unid":"3B6E6EB8C257D2CCF3B6B0217F1F55D0","name":"NA NC 42","switch":"RaleighA","techname":"Holmes, Herman","csr_hostnames":["GRNRNCJBT1A-P-CI-0078-01"]},{"siteid":"155082","site_unid":"5293CE7DA6352C8CC0DF548AC54EE589","name":"NA GLENWOOD BURCAM CAPITAL PROP [ALLTEL]","switch":"RaleighA","techname":"Backhaus, Fred","csr_hostnames":["GRNRNCJBT1A-P-CI-0082-01"]},{"siteid":"155202","site_unid":"F07ADED4931C7A6E1FB09C1B6B745506","name":"NA GOLDSTON [ALLTEL REV]","switch":"RaleighA","techname":"Swink, Michael","csr_hostnames":["GRNRNCJBT1A-P-CI-0202-01"]},{"siteid":"155698","site_unid":"C11BB505027D5823EB6B95F73A6228CA","name":"NA OLD STAGE","switch":"RaleighA","techname":"Holmes, Herman","csr_hostnames":["GRNRNCJBT1A-P-CI-0698-01"]},{"siteid":"155230","site_unid":"D76ED616F07238A189E227614BFDE9E9","name":"NA OLDE SOUTH","switch":"RaleighA","techname":"Dymond, William","csr_hostnames":["GRNRNCJBT1A-P-CI-0230-01"]},{"siteid":"155204","site_unid":"82ECE16E93A4697C7FF38606C6CD0474","name":"NA OLIVE CHAPEL","switch":"RaleighA","techname":"Swink, Michael","csr_hostnames":["GRNRNCJBT1A-P-CI-0204-01"]},{"siteid":"155044","site_unid":"A317B76D0B1030E40CCEBF3546C65D46","name":"NA OPTIMIST FARM MANN PROPERTY [ALLTEL REV]","switch":"RaleighA","techname":"Swink, Michael","csr_hostnames":["GRNRNCJBT1A-P-CI-0044-01"]},{"siteid":"155620","site_unid":"DC7993497406B7722C5298AD290F5F7C","name":"NA KILDAIRE","switch":"RaleighA","techname":"Dymond, William","csr_hostnames":["GRNRNCJBT1A-P-CI-0620-01"]},{"siteid":"155307","site_unid":"9327285500117CF6B1BC35BCDD2BAC75","name":"NA KILDAIRE FARMS [ALLTEL REV]","switch":"RaleighA","techname":"Swink, Michael","csr_hostnames":["GRNRNCJBT1A-P-CI-0307-01"]},{"siteid":"155156","site_unid":"0E0CFEBBA25CFEDA0F6BA6B32982C7A7","name":"NA INB BOA RALEIGH NODE A","switch":"RaleighA","techname":"Backhaus, Fred","csr_hostnames":["GRNRNCJBT1A-P-CI-0156-01"]},{"siteid":"155929","site_unid":"B8A878465985046B726C7106D19F1079","name":"NA INB CAMPBELL LAW","switch":"RaleighA","techname":"Backhaus, Fred","csr_hostnames":["GRNRNCJBT1A-P-CI-0929-01"]},{"siteid":"155168","site_unid":"3BA62BBBB672E26D5D8B088AD270A704","name":"NA INB FIRST CITIZEN OPS NODE A","switch":"RaleighA","techname":"Dymond, William","csr_hostnames":["GRNRNCJBT1A-P-CI-0168-01"]},{"siteid":"155500","site_unid":"209361BE61A55BCBA550E732F1957B3D","name":"NA INB NC STATE 911 OFFICE NODE A","switch":"RaleighA","techname":"Backhaus, Fred","csr_hostnames":["GRNRNCJBT1A-P-CI-0500-01"]},{"siteid":"155621","site_unid":"0647116A7C96125CC954813F2DB42A04","name":"NA NE BELTLINE","switch":"RaleighA","techname":"Gomez-Estevez, Crispin","csr_hostnames":["GRNRNCJBT1A-P-CI-0621-01"]},{"siteid":"155334","site_unid":"32F2485A7333A94C0847A510781CCF19","name":"NA NE BELTLINE [ALLTEL]","switch":"RaleighA","techname":"Backhaus, Fred","csr_hostnames":["GRNRNCJBT1A-P-CI-0334-01"]},{"siteid":"155664","site_unid":"D84E3555D843F216F3BB74D8D7907D5B","name":"NA NEW BERN","switch":"RaleighA","techname":"Backhaus, Fred","csr_hostnames":["GRNRNCJBT1A-P-CI-0664-01"]},{"siteid":"155274","site_unid":"866E0DB2179002E34699C985373E71D8","name":"NA NORMANDIE","switch":"RaleighA","techname":"Swink, Michael","csr_hostnames":["GRNRNCJBT1A-P-CI-0274-01"]},{"siteid":"155422","site_unid":"5284C58CD3D5992907BA65E03C4A0046","name":"NA NORTH CAROLINA STATE II [ALLTEL]","switch":"RaleighA","techname":"Gomez-Estevez, Crispin","csr_hostnames":["GRNRNCJBT1A-P-CI-0422-01"]},{"siteid":"155123","site_unid":"0CCF0DDDF81A7EF19F696F0F2617F4D2","name":"NA NORTH JONES SAUSAGE","switch":"RaleighA","techname":"Holmes, Herman","csr_hostnames":["GRNRNCJBT1A-P-CI-0123-01"]},{"siteid":"155829","site_unid":"9020BA74C35A418CD11563760E2D197D","name":"NA CUMNOCK PCS","switch":"RaleighA","techname":"Swink, Michael","csr_hostnames":["GRNRNCJBT1A-P-CI-0829-01"]},{"siteid":"155063","site_unid":"8A2A70F6310F3D9402F4FD9EE2E1000B","name":"NA WAKE CHAPEL","switch":"RaleighA","techname":"Swink, Michael","csr_hostnames":["GRNRNCJBT1A-P-CI-0063-01"]},{"siteid":"155228","site_unid":"B8F49C8324DA3AF13F944A8B4AD8B250","name":"NA WATSON RDU","switch":"RaleighA","techname":"Holmes, Herman","csr_hostnames":["GRNRNCJBT1A-P-CI-0228-01"]},{"siteid":"155288","site_unid":"765CDE4750F280F9236DB98AA21FB586","name":"NA GREEN NEEDLES","switch":"RaleighA","techname":"Gomez-Estevez, Crispin","csr_hostnames":["GRNRNCJBT1A-P-CI-0288-01"]},{"siteid":"155326","site_unid":"5BD676A84F77C799741C3B14E29919F0","name":"NA LITTLE_CREEK_SPUR - D","switch":"RaleighA","techname":"Holmes, Herman","csr_hostnames":["GRNRNCJBT1A-P-CI-0326-01"]},{"siteid":"455491","site_unid":"EA0FE79F940732658788A9CD957359EE","name":"NA SMC WALMART 2836 NODE A [FUQUAY]","switch":"RaleighA","techname":"Swink, Michael","csr_hostnames":["GRNRNCJBT1A-P-CI-0491-01"]},{"siteid":"455700","site_unid":"A538AACC10C81601CF5985764F9EFEF8","name":"NA SMC OLD WAKE COUNTY SCHOOL NODE A","switch":"RaleighA","techname":"Backhaus, Fred","csr_hostnames":["GRNRNCJBT1A-P-CI-0700-01"]},{"siteid":"155328","site_unid":"0F711157DC04490089AAA0C3E6DD976C","name":"NA LAKE JOHNSON [ALLTEL REV]","switch":"RaleighA","techname":"Gomez-Estevez, Crispin","csr_hostnames":["GRNRNCJBT1A-P-CI-0328-01"]},{"siteid":"155410","site_unid":"7670BBB2A24D335A390708FD26C8A279","name":"NA LAKE RALEIGH [ALLTEL]","switch":"RaleighA","techname":"Gomez-Estevez, Crispin","csr_hostnames":["GRNRNCJBT1A-P-CI-0410-01"]},{"siteid":"155432","site_unid":"D46BA1475819A8C473D3C114E0652D2C","name":"NA LAURA DUNCAN [ALLTEL]","switch":"RaleighA","techname":"Dymond, William","csr_hostnames":["GRNRNCJBT1A-P-CI-0432-01"]},{"siteid":"155455","site_unid":"29EA3111556AC8B5F171BFC7D48837C2","name":"NA CROSSROADS RLGH","switch":"RaleighA","techname":"Dymond, William","csr_hostnames":["GRNRNCJBT1A-P-CI-0455-01"]},{"siteid":"976101","site_unid":"706915A0BF22926DA53F913B9A3636B6","name":"NA SMC NC BLUERIDGE NODE A","switch":"RaleighA","techname":"Gomez-Estevez, Crispin","csr_hostnames":["GRNRNCJBT1A-P-CI-0647-01"]},{"siteid":"976102","site_unid":"A3354ABB1DA929D0AE6197F455C34EB1","name":"NA SMC NC BLUERIDGE NODE B","switch":"RaleighA","techname":"Gomez-Estevez, Crispin","csr_hostnames":["GRNRNCJBT1A-P-CI-0647-01"]},{"siteid":"976103","site_unid":"F9831304BAEA2CF5C95A273FF3C032C4","name":"NA SMC NC BLUERIDGE NODE C","switch":"RaleighA","techname":"Gomez-Estevez, Crispin","csr_hostnames":["GRNRNCJBT1A-P-CI-0647-01"]},{"siteid":"977101","site_unid":"15FBAEA27AD53151F018D2F7376DC728","name":"NA SMC NC STATE FAIR GROUND NODE A","switch":"RaleighA","techname":"Gomez-Estevez, Crispin","csr_hostnames":["GRNRNCJBT1A-P-CI-0606-01"]},{"siteid":"981102","site_unid":"7E1A97C7B259F41165F96DB593BD7A71","name":"NA SMC NC STATE FAIR GROUND NODE B","switch":"RaleighA","techname":"Gomez-Estevez, Crispin","csr_hostnames":["GRNRNCJBT1A-P-CI-0606-01"]},{"siteid":"978101","site_unid":"79E8447757A9395B7A82F823646483C4","name":"NA SMC NC STATE FAIR GROUND NODE C","switch":"RaleighA","techname":"Gomez-Estevez, Crispin","csr_hostnames":["GRNRNCJBT1A-P-CI-0606-01"]},{"siteid":"988102","site_unid":"156CE17ABD1E7979AADEAB3F39F05A39","name":"NA SMC NC STATE FAIR GROUND NODE D","switch":"RaleighA","techname":"Gomez-Estevez, Crispin","csr_hostnames":["GRNRNCJBT1A-P-CI-0606-01"]},{"siteid":"979101","site_unid":"B0EF452F6645FCFE8A933EB3DC3C2194","name":"NA SMC NC STATE FAIR GROUND NODE E","switch":"RaleighA","techname":"Gomez-Estevez, Crispin","csr_hostnames":["GRNRNCJBT1A-P-CI-0606-01"]},{"siteid":"155705","site_unid":"C04C4C7A3149665F5D4200935B63EC22","name":"NA MCCULLERS","switch":"RaleighA","techname":"Holmes, Herman","csr_hostnames":["GRNRNCJBT1A-P-CI-0705-01"]},{"siteid":"155450","site_unid":"39D6B30E2974C75DFB6D22A71A132213","name":"NA MCGEE CROSSROADS [ALLTEL REV]","switch":"RaleighA","techname":"Holmes, Herman","csr_hostnames":["GRNRNCJBT1A-P-CI-0450-01"]},{"siteid":"890102","site_unid":"B473CEC208AF29702D24D6B1EDD60132","name":"NA SMC WKE NC NCSU NODE D","switch":"RaleighA","techname":"Gomez-Estevez, Crispin","csr_hostnames":["GRNRNCJBT1A-P-CI-0668-01"]},{"siteid":"4558364","site_unid":"38B83B56421B93D469E84BB523D76FD1","name":"NA SMC WKE NC WHITE OAK NODE C","switch":"RaleighA","techname":"Holmes, Herman","csr_hostnames":["GRNRNCJBT1A-P-CI-0638-01"]},{"siteid":"155148","site_unid":"05438EBD86C80D5F5226C515F4C2B3FE","name":"NA ANDERSON POINT - ATC ANDERSON PT","switch":"RaleighA","techname":"Gomez-Estevez, Crispin","csr_hostnames":["GRNRNCJBT1A-P-CI-0148-01"]},{"siteid":"155043","site_unid":"62B4362B92B6E5D5886B15039E953191","name":"NA ANGIERS [ALLTEL]","switch":"RaleighA","techname":"Holmes, Herman","csr_hostnames":["GRNRNCJBT1A-P-CI-0043-01"]},{"siteid":"155495","site_unid":"E58977351BE34EB81CF2DBF80AD686C9","name":"NA APEX NORTHWEST [ALLTEL REV]","switch":"RaleighA","techname":"Swink, Michael","csr_hostnames":["GRNRNCJBT1A-P-CI-0495-01"]},{"siteid":"155773","site_unid":"3A12ED987C0763DE38AB65EC4BA5CBC3","name":"NA EMIT","switch":"RaleighA","techname":"Holmes, Herman","csr_hostnames":["GRNRNCJBT1A-P-CI-0773-01"]},{"siteid":"155110","site_unid":"BEF19C77875C73F6F54CACACA287B42F","name":"NA ARCHERS LODGE - ARCHERS LODGE 1","switch":"RaleighA","techname":"Holmes, Herman","csr_hostnames":["GRNRNCJBT1A-P-CI-0110-01"]},{"siteid":"155618","site_unid":"70D1CE64E0E820AECA44DA85DC9C9B1F","name":"NA ATLANTIC AVE RALEIGH","switch":"RaleighA","techname":"Backhaus, Fred","csr_hostnames":["GRNRNCJBT1A-P-CI-0618-01"]},{"siteid":"155057","site_unid":"B20B1EDAED47B482B49C3E93D18468A8","name":"NA AVIATION","switch":"RaleighA","techname":"Dymond, William","csr_hostnames":["GRNRNCJBT1A-P-CI-0057-01"]},{"siteid":"155150","site_unid":"5F17557DF79A983EE802651B733CDF07","name":"DAS: NA PNC ARENA DAS","switch":"RaleighA","techname":"Gomez-Estevez, Crispin","csr_hostnames":["GRNRNCJBT1A-P-CI-0150-01"]},{"siteid":"155079","site_unid":"6DD9F472D0DBC1B0E4BFC45B9801DAC9","name":"NA SUNSET CROSSING","switch":"RaleighA","techname":"Swink, Michael","csr_hostnames":["GRNRNCJBT1A-P-CI-0079-01"]},{"siteid":"155322","site_unid":"9EA378D19D42AD00377A54BAC4C6CA9F","name":"NA CARY [ALLTEL REV]","switch":"RaleighA","techname":"Dymond, William","csr_hostnames":["GRNRNCJBT1A-P-CI-0322-01"]},{"siteid":"155433","site_unid":"724E580B9F8AAEF38398563282D46343","name":"NA CARY MALL [ALLTEL]","switch":"RaleighA","techname":"Dymond, William","csr_hostnames":["GRNRNCJBT1A-P-CI-0433-01"]},{"siteid":"155497","site_unid":"99C50022C069F579A66E611B2E07B727","name":"NA CARY NE [ALLTEL REV]","switch":"RaleighA","techname":"Dymond, William","csr_hostnames":["GRNRNCJBT1A-P-CI-0497-01"]},{"siteid":"155428","site_unid":"053E8D67CC47BFB4E50F944400D09098","name":"NA MACGREGOR [ALLTEL REV]","switch":"RaleighA","techname":"Dymond, William","csr_hostnames":["GRNRNCJBT1A-P-CI-0428-01"]},{"siteid":"155087","site_unid":"9E67BF8CE10E7D0941BC599D07B002F9","name":"NA SOUTH GARNER [ALLTEL REV]","switch":"RaleighA","techname":"Holmes, Herman","csr_hostnames":["GRNRNCJBT1A-P-CI-0087-01"]},{"siteid":"155663","site_unid":"C6D7D5F0F3867350ABA462884D4C31D3","name":"NA SOUTH SAUNDERS","switch":"RaleighA","techname":"Gomez-Estevez, Crispin","csr_hostnames":["GRNRNCJBT1A-P-CI-0663-01"]},{"siteid":"155652","site_unid":"ACB91D912897DBE69E8EF2AD43D7082F","name":"NA CARY STREET","switch":"RaleighA","techname":"Dymond, William","csr_hostnames":["GRNRNCJBT1A-P-CI-0652-01"]},{"siteid":"155702","site_unid":"B2A99A4458EF9A93EACC3368BFE8AF08","name":"NA CARY TOWNE CENTER","switch":"RaleighA","techname":"Dymond, William","csr_hostnames":["GRNRNCJBT1A-P-CI-0702-01"]},{"siteid":"155493","site_unid":"B85A8DCFB431130572BD948D5F4FFC2D","name":"NA CARY WEST [ALLTEL REV]","switch":"RaleighA","techname":"Dymond, William","csr_hostnames":["GRNRNCJBT1A-P-CI-0493-01"]},{"siteid":"155668","site_unid":"461257337EA691850060DFB2D8E526F6","name":"NA CENTENNIAL CAMPUS","switch":"RaleighA","techname":"Gomez-Estevez, Crispin","csr_hostnames":["GRNRNCJBT1A-P-CI-0668-01"]},{"siteid":"755552","site_unid":"69C686625B7CBF2590DE0BEFAD474574","name":"NA SMC WALMART 2247 NODE A","switch":"RaleighA","techname":"Dymond, William","csr_hostnames":["GRNRNCJBT1A-P-CI-0552-01"]},{"siteid":"155139","site_unid":"AEE5876F90D8ADCB66F7CDA8A880CBC0","name":"NA STROTHER","switch":"RaleighA","techname":"Dymond, William","csr_hostnames":["GRNRNCJBT1A-P-CI-0139-01"]},{"siteid":"155250","site_unid":"F409991B2E61798BDB8F55D3B3EAEF5F","name":"NA STROUD WAY","switch":"RaleighA","techname":"Gomez-Estevez, Crispin","csr_hostnames":["GRNRNCJBT1A-P-CI-0250-01"]},{"siteid":"155941","site_unid":"D695EF2B2730B8D3309697ED2EEA282D","name":"INB WAK NC APEX SCHOOL A","switch":"RaleighA","techname":"Swink, Michael","csr_hostnames":["GRNRNCJBT1A-P-CI-0941-01"]},{"siteid":"155937","site_unid":"FC46B18394435649978BDC674A9BDAF7","name":"NA INB WAKE COUNTY SCHOOLS NODE A","switch":"RaleighA","techname":"Dymond, William","csr_hostnames":["GRNRNCJBT1A-P-CI-0937-H1"]},{"siteid":"155938","site_unid":"C66734F56AE1225B3D85FC16EA87C171","name":"NA INB WAKE COUNTY SCHOOLS NODE_B","switch":"RaleighA","techname":"Dymond, William","csr_hostnames":["GRNRNCJBT1A-P-CI-0938-S1"]},{"siteid":"155527","site_unid":"8AA12C3A31462CBC75F4877015E7B786","name":"NA INB WAKEMED CARY NODE A","switch":"RaleighA","techname":"Dymond, William","csr_hostnames":["GRNRNCJBT1A-P-CI-0527-01"]},{"siteid":"261","site_unid":"5F86DDA56382913C8161AC5D02CF8ACD","name":"NA INDUSTRIAL AVE [ALLTEL REV]","switch":"RaleighA","techname":"Backhaus, Fred","csr_hostnames":["GRNRNCJBT1A-P-CI-0261-01"]},{"siteid":"155690","site_unid":"252378415A7C3D00AFF299F7B6EBBD39","name":"NA JENKS 55","switch":"RaleighA","techname":"Dymond, William","csr_hostnames":["GRNRNCJBT1A-P-CI-0690-01"]},{"siteid":"155357","site_unid":"98A2F2216D172F8A97018FC73C971E6D","name":"NA CLAYTON NC [ALLTEL]","switch":"RaleighA","techname":"Holmes, Herman","csr_hostnames":["GRNRNCJBT1A-P-CI-0357-01"]},{"siteid":"155016","site_unid":"5DB0DEC83F154AB7C2EF01664D4ECFE5","name":"NA CLEVELAND SCHOOL ROAD [ALLTEL]","switch":"RaleighA","techname":"Holmes, Herman","csr_hostnames":["GRNRNCJBT1A-P-CI-0016-01"]},{"siteid":"155502","site_unid":"D42CFC75998E344B09CBD1FB25E95BEF","name":"NA INB WKE NC WILLIAM PEACE COLLEGE NODE A","switch":"RaleighA","techname":"Backhaus, Fred","csr_hostnames":["GRNRNCJBT1A-P-CI-0502-01"]},{"siteid":"155528","site_unid":"953A6263FF6A0BC492EAC2687A168969","name":"NA INB_NCSU_SPIDER_CLOUD_HE_A","switch":"RaleighA","techname":"Backhaus, Fred","csr_hostnames":["GRNRNCJBT1A-P-CI-0528-01"]},{"siteid":"155158","site_unid":"20413D57E237F788A65C5BA559878B52","name":"INB_PEPSIBOTTLING","switch":"RaleighA","techname":"Holmes, Herman","csr_hostnames":["GRNRNCJBT1A-P-CI-0158-01"]},{"siteid":"155180","site_unid":"8BD91A000883AFBA0113B7A2A4BE23EA","name":"NA ALEMANY","switch":"RaleighA","techname":"Dymond, William","csr_hostnames":["GRNRNCJBT1A-P-CI-0180-01"]},{"siteid":"155828","site_unid":"ED6B5D5090D6DCD98274005E077717B1","name":"NA COLON ROAD","switch":"RaleighA","techname":"Swink, Michael","csr_hostnames":["GRNRNCJBT1A-P-CI-0828-01"]},{"siteid":"329","site_unid":"948889A4741BC98A7D85A8059B76C89C","name":"NA COLONY [ALLTEL]","switch":"RaleighA","techname":"Backhaus, Fred","csr_hostnames":["GRNRNCJBT1A-P-CI-0329-01"]},{"siteid":"155306","site_unid":"159813754CB47D68100B2D6367CFE3C0","name":"NA COMPUTER DRIVE","switch":"RaleighA","techname":"Backhaus, Fred","csr_hostnames":["GRNRNCJBT1A-P-CI-0306-01"]},{"siteid":"881101","site_unid":"19521422AC725B2148E31A9B95DDF3F6","name":"NA SMC SIX FORKS PLACE NODE A","switch":"RaleighA","techname":"Backhaus, Fred","csr_hostnames":["GRNRNCJBT1A-P-CI-0261-01"]},{"siteid":"881102","site_unid":"10B47C97BDC57350A48E945815000DEA","name":"NA SMC SIX FORKS PLACE NODE B","switch":"RaleighA","techname":"Backhaus, Fred","csr_hostnames":["GRNRNCJBT1A-P-CI-0261-01"]},{"siteid":"881103","site_unid":"A9A87B8273FCF3123959CD866BE223F2","name":"NA SMC SIX FORKS PLACE NODE C","switch":"RaleighA","techname":"Backhaus, Fred","csr_hostnames":["GRNRNCJBT1A-P-CI-0261-01"]},{"siteid":"881104","site_unid":"6D17476B0D680F82E3A0E0189BE5A79D","name":"NA SMC SIX FORKS PLACE NODE D","switch":"RaleighA","techname":"Backhaus, Fred","csr_hostnames":["GRNRNCJBT1A-P-CI-0261-01"]},{"siteid":"455848","site_unid":"5DFF1928F16A1A04C9A297A13D24C712","name":"NA SMC WALMART 1321 NODE A (SMITHFIELD)","switch":"RaleighA","techname":"Holmes, Herman","csr_hostnames":["GRNRNCJBT1A-P-CI-0848-01"]},{"siteid":"155059","site_unid":"CDBDCD117944901FDD749EB581E1551D","name":"NA TRINITY ROAD CROWN TOWER [ALLTEL]","switch":"RaleighA","techname":"Gomez-Estevez, Crispin","csr_hostnames":["GRNRNCJBT1A-P-CI-0059-H1"]},{"siteid":"155054","site_unid":"29584CD75CB3B7F110F9A4928E6BAA4A","name":"NA TRYON RD[ALLTEL]","switch":"RaleighA","techname":"Dymond, William","csr_hostnames":["GRNRNCJBT1A-P-CI-0054-01"]},{"siteid":"155595","site_unid":"E68217545EAB55876C4E2F5BEA6C2889","name":"NA TWC_MUSIC_PAVALLION","switch":"RaleighA","techname":"Backhaus, Fred","csr_hostnames":["GRNRNCJBT1A-P-CI-0595-01"]},{"siteid":"155240","site_unid":"1A836C37C242BA546A8D68D3F6695BE0","name":"NA BUFFALO LANES","switch":"RaleighA","techname":"Dymond, William","csr_hostnames":["GRNRNCJBT1A-P-CI-0240-01"]},{"siteid":"155337","site_unid":"4D09A5CF232DF5F8610D957A2B9ED358","name":"NA DAVIS DRIVE [ALLTEL]","switch":"RaleighA","techname":"Dymond, William","csr_hostnames":["GRNRNCJBT1A-P-CI-0337-01"]},{"siteid":"155789","site_unid":"45939EECE621A480F54D7F2C17E47051","name":"NA DEEP RIVER PCS","switch":"RaleighA","techname":"Swink, Michael","csr_hostnames":["GRNRNCJBT1A-P-CI-0789-01"]},{"siteid":"414","site_unid":"497A048AE8C1523A3299A5385C2E471D","name":"NA CANTERBURY [ALLTEL REV]","switch":"RaleighA","techname":"Backhaus, Fred","csr_hostnames":["GRNRNCJBT1A-P-CI-0414-01"]},{"siteid":"755548","site_unid":"A44C4E522BE851EC286EC5CF4A10A63C","name":"NA SMC WALMART 5743 NODE A (GARNER)","switch":"RaleighA","techname":"Holmes, Herman","csr_hostnames":["GRNRNCJBT1A-P-CI-0548-01"]},{"siteid":"646","site_unid":"11B3CA456F360A1BEE84388EF9E7EE46","name":"NA CAPITOL 401","switch":"RaleighA","techname":"Backhaus, Fred","csr_hostnames":["GRNRNCJBT1A-P-CI-0646-01"]},{"siteid":"155626","site_unid":"615619392D7F4359C597191AD4303888","name":"NA CAPITOL 440","switch":"RaleighA","techname":"Backhaus, Fred","csr_hostnames":["GRNRNCJBT1A-P-CI-0626-01"]},{"siteid":"155467","site_unid":"993E9F302E16E7365456A9FBE7CCFCE2","name":"NA CAROLINA COUNTRY CLUB [ALLTEL]","switch":"RaleighA","techname":"Backhaus, Fred","csr_hostnames":["GRNRNCJBT1A-P-CI-0467-01"]},{"siteid":"155499","site_unid":"2EFA5B26A82E1C3049F7E5772C26E3B2","name":"NA WILLIAMS [ALLTEL]","switch":"RaleighA","techname":"Dymond, William","csr_hostnames":["GRNRNCJBT1A-P-CI-0499-01"]},{"siteid":"155964","site_unid":"D9D3BB1540852D959CA132CDF65A109F","name":"NA WILSON MILLS","switch":"RaleighA","techname":"Holmes, Herman","csr_hostnames":["GRNRNCJBT1A-P-CI-0964-01"]},{"siteid":"155036","site_unid":"051ED1168A1B7518A13FBFA7D7CEF033","name":"NA DT APEX","switch":"RaleighA","techname":"Swink, Michael","csr_hostnames":["GRNRNCJBT1A-P-CI-0036-01"]},{"siteid":"155131","site_unid":"A14B02AFBE0B6F873CD0DCB90FE0D48E","name":"NA DT SELMA","switch":"RaleighA","techname":"Holmes, Herman","csr_hostnames":["GRNRNCJBT1A-P-CI-0131-01"]},{"siteid":"155090","site_unid":"2A2BBC5EF8D28540A5CB11D65141B956","name":"NA SWIFT CREEK","switch":"RaleighA","techname":"Dymond, William","csr_hostnames":["GRNRNCJBT1A-P-CI-0090-01"]},{"siteid":"155602","site_unid":"8A1FCC8DA16F8A8189564A24F826BE95","name":"NA WYYD","switch":"RaleighA","techname":"Swink, Michael","csr_hostnames":["GRNRNCJBT1A-P-CI-0602-01"]},{"siteid":"155456","site_unid":"3463926C7438B57BFB6B7CD933D1DC83","name":"NA WADE MEREDITH COLLEGE [ALLTEL REV]","switch":"RaleighA","techname":"Gomez-Estevez, Crispin","csr_hostnames":["GRNRNCJBT1A-P-CI-0456-01"]},{"siteid":"155636","site_unid":"C4D9A912DB63578BD8206129C7C10CF8","name":"NA WALNUT CREEK","switch":"RaleighA","techname":"Holmes, Herman","csr_hostnames":["GRNRNCJBT1A-P-CI-0636-01"]},{"siteid":"514","site_unid":"298CA9EC48E6849B16E1263A59DFC782","name":"NA WALTER BRIGHT","switch":"RaleighA","techname":"Swink, Michael","csr_hostnames":["GRNRNCJBT1A-P-CI-0514-01"]},{"siteid":"155508","site_unid":"961DFB170F7BDDEE6408BEA5B54B3BC9","name":"NA EAST BELTLINE [ALLTEL]","switch":"RaleighA","techname":"Gomez-Estevez, Crispin","csr_hostnames":["GRNRNCJBT1A-P-CI-0508-01"]},{"siteid":"155114","site_unid":"7BB04A17FAEFFD97FD86A808B5393567","name":"NA EAST HOLLY SPRINGS","switch":"RaleighA","techname":"Swink, Michael","csr_hostnames":["GRNRNCJBT1A-P-CI-0114-01"]},{"siteid":"155647","site_unid":"09224662BFEF694594A5BE12F7A59C88","name":"NA BLUE RIDGE","switch":"RaleighA","techname":"Gomez-Estevez, Crispin","csr_hostnames":["GRNRNCJBT1A-P-CI-0647-01"]},{"siteid":"318","site_unid":"A88D03277B530973CF2CA0D39F8DA98D","name":"NA BLUE RIDGE RDU [ALLTEL]","switch":"RaleighA","techname":"Gomez-Estevez, Crispin","csr_hostnames":["GRNRNCJBT1A-P-CI-0318-01"]},{"siteid":"155128","site_unid":"55A94B3335B33F11B900EC46D728F7D8","name":"NA TIMBER DRIVE","switch":"RaleighA","techname":"Holmes, Herman","csr_hostnames":["GRNRNCJBT1A-P-CI-0128-01"]},{"siteid":"155092","site_unid":"2064EAF30C641A243379090A16E1B051","name":"NA TOMAHAWK","switch":"RaleighA","techname":"Gomez-Estevez, Crispin","csr_hostnames":["GRNRNCJBT1A-P-CI-0092-01"]},{"siteid":"155317","site_unid":"290A8EE8B7556593CFE42C6C770F6CC1","name":"NA BARBER RD [ALLTEL]","switch":"RaleighA","techname":"Holmes, Herman","csr_hostnames":["GRNRNCJBT1A-P-CI-0317-01"]},{"siteid":"155771","site_unid":"E971E472448B0830F320E8865152A53B","name":"NA STEEP HILL","switch":"RaleighA","techname":"Holmes, Herman","csr_hostnames":["GRNRNCJBT1A-P-CI-0771-01"]},{"siteid":"155145","site_unid":"EBBAA69BFB249D920C600E41721BC7A7","name":"NA LOCKWOOD","switch":"RaleighA","techname":"Backhaus, Fred","csr_hostnames":["GRNRNCJBT1A-P-CI-0145-01"]},{"siteid":"755517","site_unid":"DB81E30D75FA3CAFCBD2A295C301045A","name":"NA SMC WALMART 4458 NODE A (HOLLY SPRINGS)","switch":"RaleighA","techname":"Swink, Michael","csr_hostnames":["GRNRNCJBT1A-P-CI-0517-01"]},{"siteid":"455532","site_unid":"73D367B440E5097143DAB4E58A9CA203","name":"NA SMC WALMART 3889 NODE A (APEX)","switch":"RaleighA","techname":"Swink, Michael","csr_hostnames":["GRNRNCJBT1A-P-CI-0532-01"]},{"siteid":"155940","site_unid":"209945689EB35CA4180A2A565F04DB9C","name":"NA INB WACHOVIA CAPITAL CENTER NODE A, WELLS FARGO","switch":"RaleighA","techname":"Backhaus, Fred","csr_hostnames":["GRNRNCJBT1A-P-CI-0940-01"]},{"siteid":"155943","site_unid":"68BDAD1EFC21B18B57FBBD272834A955","name":"NA SMC WALMART 5046 NODE A (CLAYTON)","switch":"RaleighA","techname":"Holmes, Herman","csr_hostnames":["GRNRNCJBT1A-P-CI-0943-01"]},{"siteid":"155772","site_unid":"53EF68B157EE3B0691BF1D7D26E91B79","name":"NA COUNTRY LANE","switch":"RaleighA","techname":"Holmes, Herman","csr_hostnames":["GRNRNCJBT1A-P-CI-0772-01"]},{"siteid":"155587","site_unid":"C614DE694F9D52DD56F13C7CD9BE4664","name":"NA COW NC STATE","switch":"RaleighA","techname":"Gomez-Estevez, Crispin","csr_hostnames":["GRNRNCJBT1A-P-CI-0587-01"]},{"siteid":"155567","site_unid":"19A9FDEFED160368FB2BD1F6AC3F30D7","name":"NA COW NC STATE FAIR","switch":"RaleighA","techname":"Gomez-Estevez, Crispin","csr_hostnames":["GRNRNCJBT1A-P-CI-0567-01"]},{"siteid":"755539","site_unid":"75B4239A81D36D6CE600BE58CB2AD513","name":"NA SMC WALMART 2058 NODE A","switch":"RaleighA","techname":"Backhaus, Fred","csr_hostnames":["GRNRNCJBT1A-P-CI-0539-01"]},{"siteid":"155501","site_unid":"76DCE86A6AED0C67AE71175A3468408E","name":"NA PLEASANT RIDGE [ALLTEL]","switch":"RaleighA","techname":"Dymond, William","csr_hostnames":["GRNRNCJBT1A-P-CI-0501-01"]},{"siteid":"178","site_unid":"FC01F161FA82C2F8069F83D87C67E1F2","name":"NA PEACE COLLEGE [ALLTEL REV]","switch":"RaleighA","techname":"Backhaus, Fred","csr_hostnames":["GRNRNCJBT1A-P-CI-0178-01"]},{"siteid":"155623","site_unid":"2F4307B397CD7D321F95AABB8CA04C21","name":"NA 401 NORTH HIGHWAY 70","switch":"RaleighA","techname":"Dymond, William","csr_hostnames":["GRNRNCJBT1A-P-CI-0623-01"]},{"siteid":"676","site_unid":"7E6C71D95C49AD773698D96C01DAFD9A","name":"NA 440 BLUERIDGE","switch":"RaleighA","techname":"Gomez-Estevez, Crispin","csr_hostnames":["GRNRNCJBT1A-P-CI-0676-01"]},{"siteid":"155638","site_unid":"732EEB312703F636D8482648C0A5526C","name":"NA 50 TIMBER","switch":"RaleighA","techname":"Holmes, Herman","csr_hostnames":["GRNRNCJBT1A-P-CI-0638-01"]},{"siteid":"155660","site_unid":"780B048F7AF4231A98883EE087FA88CE","name":"NA 54 I40","switch":"RaleighA","techname":"Dymond, William","csr_hostnames":["GRNRNCJBT1A-P-CI-0660-01"]},{"siteid":"155696","site_unid":"5967EAEFBDB4C2B6AC854E60E82E381D","name":"NA 540 NE","switch":"RaleighA","techname":"Backhaus, Fred","csr_hostnames":["GRNRNCJBT1A-P-CI-0696-01"]},{"siteid":"155692","site_unid":"DF0E7FE534F517E021D93BC76B065C82","name":"NA 64 NEUSE","switch":"RaleighA","techname":"Gomez-Estevez, Crispin","csr_hostnames":["GRNRNCJBT1A-P-CI-0692-01"]},{"siteid":"155301","site_unid":"AD939AC30FD479652538912EB0320A7B","name":"NA ABINGTON - SKYWAY NC-08813","switch":"RaleighA","techname":"Gomez-Estevez, Crispin","csr_hostnames":["GRNRNCJBT1A-P-CI-0301-01"]},{"siteid":"155695","site_unid":"E268F0458CA304460650CF65E4AAEB02","name":"NA POOLE ROAD","switch":"RaleighA","techname":"Gomez-Estevez, Crispin","csr_hostnames":["GRNRNCJBT1A-P-CI-0695-01"]},{"siteid":"155311","site_unid":"F52CB99D2C4A6B0D1F318327CDE8B3DD","name":"NA RALEIGH 11 [ALLTEL]","switch":"RaleighA","techname":"Backhaus, Fred","csr_hostnames":["GRNRNCJBT1A-P-CI-0311-01"]},{"siteid":"155645","site_unid":"BA2CFEF8731F2AEA772032F115721754","name":"NA RALEIGH AIRPORT","switch":"RaleighA","techname":"Dymond, William","csr_hostnames":["GRNRNCJBT1A-P-CI-0645-01"]},{"siteid":"155339","site_unid":"A7EAA6523867A1FA70814A6620164FA7","name":"NA RALEIGH AIRPORT [ALLTEL]","switch":"RaleighA","techname":"Dymond, William","csr_hostnames":["GRNRNCJBT1A-P-CI-0339-01"]},{"siteid":"320","site_unid":"5EF4E981FA1CDDD2FEC4205C4DF36F08","name":"NA RALEIGH DOWNTOWN [ALLTEL]","switch":"RaleighA","techname":"Backhaus, Fred","csr_hostnames":["GRNRNCJBT1A-P-CI-0320-01"]},{"siteid":"155193","site_unid":"88B81D8155FED71E0B9E08FF69D6B8C0","name":"NA RANSDELL PARK","switch":"RaleighA","techname":"Swink, Michael","csr_hostnames":["GRNRNCJBT1A-P-CI-0193-01"]},{"siteid":"818102","site_unid":"B518814C6E22F1F70CDA7527408FBFE5","name":"SMC DT RALEIGH 2","switch":"RaleighA","techname":"Backhaus, Fred","csr_hostnames":["GRNRNCJBT1A-P-CI-0320-01"]},{"siteid":"856101","site_unid":"2A8229BB583490E3D3236F0461C03A20","name":"455856_SMC_DT_RALEIGH_SALISBURYST_H320","switch":"RaleighA","techname":"Backhaus, Fred","csr_hostnames":["GRNRNCJBT1A-P-CI-0320-01"]},{"siteid":"856104","site_unid":"3F65DB1570498A132ED559A2409DD4FC","name":"SMC DT RALEIGH WILMINGTONST NODE B","switch":"RaleighA","techname":"Backhaus, Fred","csr_hostnames":["GRNRNCJBT1A-P-CI-0320-01"]},{"siteid":"856102","site_unid":"4DFD165401D6D6F179A14513E013AE04","name":"SMC_DT_RALEIGH_SALISBURYST_NODE_B","switch":"RaleighA","techname":"Backhaus, Fred","csr_hostnames":["GRNRNCJBT1A-P-CI-0320-01"]},{"siteid":"155015","site_unid":"3D52C7BEAB5DC2FB1FB4415E2072A78D","name":"NA FARMERS MARKET NC","switch":"RaleighA","techname":"Gomez-Estevez, Crispin","csr_hostnames":["GRNRNCJBT1A-P-CI-0015-01"]},{"siteid":"155651","site_unid":"3B19E3D5159C38BFF7E82AB6D37F0D01","name":"NA FIVE POINTS","switch":"RaleighA","techname":"Backhaus, Fred","csr_hostnames":["GRNRNCJBT1A-P-CI-0651-01"]},{"siteid":"155029","site_unid":"19FC2F8D0641A5A5A96012C320159E79","name":"NA FLOWERS PLANTATION [ALLTEL]","switch":"RaleighA","techname":"Holmes, Herman","csr_hostnames":["GRNRNCJBT1A-P-CI-0029-01"]},{"siteid":"155759","site_unid":"A5CDD040BAFC7C0924FD9557604AE14F","name":"NA MILBURNIE","switch":"RaleighA","techname":"Backhaus, Fred","csr_hostnames":["GRNRNCJBT1A-P-CI-0759-01"]},{"siteid":"155945","site_unid":"B0D6F5E25BFD024B8F27B51ABD5219D3","name":"NA INB_HAMMOND_RD_MSC_NODE_A","switch":"RaleighA","techname":"Gomez-Estevez, Crispin","csr_hostnames":["GRNRNCJBT1A-P-CI-0945-01","RLGHNCORT1A-P-CI-0100-01  "]},{"siteid":"155745","site_unid":"4EB2E7093186F5F8EBFAB49B75FC6795","name":"NA INB WKE NC EMC NODE A A","switch":"RaleighA","techname":"Gomez-Estevez, Crispin","csr_hostnames":["GRNRNCJBT1A-P-CI-0745-01"]},{"siteid":"155612","site_unid":"9CF23D8865A128C748C89A9F89185BDF","name":"NA APEX","switch":"RaleighA","techname":"Swink, Michael","csr_hostnames":["GRNRNCJBT1A-P-CI-0612-01"]},{"siteid":"155088","site_unid":"3C5B017FD63EC28E94882667F97753FA","name":"NA SHOTWELL","switch":"RaleighA","techname":"Holmes, Herman","csr_hostnames":["GRNRNCJBT1A-P-CI-0088-01"]},{"siteid":"4558501","site_unid":"83C6EFCE01ACBE37714E91B340E29531","name":"NA SMC WKE NC APEX SHOPS NODE A","switch":"RaleighA","techname":"Swink, Michael","csr_hostnames":["GRNRNCJBT1A-P-CI-0495-01"]},{"siteid":"4558502","site_unid":"743C32C30DCE2E6CBBF4D6EC86CDA9CA","name":"NA SMC WKE NC APEX SHOPS NODE B","switch":"RaleighA","techname":"Swink, Michael","csr_hostnames":["GRNRNCJBT1A-P-CI-0495-01"]},{"siteid":"4558503","site_unid":"A0CE20481D8CF5BAAA934B9208952E35","name":"NA SMC WKE NC APEX SHOPS NODE C","switch":"RaleighA","techname":"Swink, Michael","csr_hostnames":["GRNRNCJBT1A-P-CI-0495-01"]},{"siteid":"4558504","site_unid":"D0986C281E8C1ABB734DE6B7A3139804","name":"NA SMC WKE NC APEX SHOPS NODE D","switch":"RaleighA","techname":"Swink, Michael","csr_hostnames":["GRNRNCJBT1A-P-CI-0495-01"]},{"siteid":"981201","site_unid":"790945DFFEA57AFFE7CB0284E7997D94","name":"NA SMC WKE NC CAMERON VILLAGE NODE A","switch":"RaleighA","techname":"Backhaus, Fred","csr_hostnames":["GRNRNCJBT1A-P-CI-0414-01"]},{"siteid":"981202","site_unid":"A85411638D221E7155385F81D16B05EA","name":"NA SMC WKE NC CAMERON VILLAGE NODE B - A","switch":"RaleighA","techname":"Backhaus, Fred","csr_hostnames":["GRNRNCJBT1A-P-CI-0414-01"]},{"siteid":"981203","site_unid":"2D9EA479CD4953212F5CEDD9F461C202","name":"NA SMC WKE NC CAMERON VILLAGE NODE C - A","switch":"RaleighA","techname":"Backhaus, Fred","csr_hostnames":["GRNRNCJBT1A-P-CI-0414-01"]},{"siteid":"981204","site_unid":"F23CEAC58BFFBD8A526D587FC09BEA61","name":"NA SMC WKE NC CAMERON VILLAGE NODE D - A","switch":"RaleighA","techname":"Backhaus, Fred","csr_hostnames":["GRNRNCJBT1A-P-CI-0414-01"]},{"siteid":"889101","site_unid":"4EDB7D6ABBEC2610D3E21C0827A36C79","name":"NA SMC WKE NC NCSU NODE A","switch":"RaleighA","techname":"Gomez-Estevez, Crispin","csr_hostnames":["GRNRNCJBT1A-P-CI-0668-01"]},{"siteid":"889102","site_unid":"652AE6B086BAC0953B9A5A029987074C","name":"NA SMC WKE NC NCSU NODE B","switch":"RaleighA","techname":"Gomez-Estevez, Crispin","csr_hostnames":["GRNRNCJBT1A-P-CI-0668-01"]},{"siteid":"890101","site_unid":"D2F544CED629A98A90DA71674B2662D6","name":"NA SMC WKE NC NCSU NODE C","switch":"RaleighA","techname":"Gomez-Estevez, Crispin","csr_hostnames":["GRNRNCJBT1A-P-CI-0668-01"]},{"siteid":"890103","site_unid":"53DBD52A599369D0030C61A08A2260A9","name":"NA SMC WKE NC NCSU NODE E","switch":"RaleighA","techname":"Gomez-Estevez, Crispin","csr_hostnames":["GRNRNCJBT1A-P-CI-0668-01"]},{"siteid":"155125","site_unid":"21D5B7B3FACCBA44355F087B5D4E56F8","name":"NA SKYCREST - A","switch":"RaleighA","techname":"Gomez-Estevez, Crispin","csr_hostnames":["GRNRNCJBT1A-P-CI-0125-01"]},{"siteid":"155944","site_unid":"4356C66553B65FDEE8C632EEFA036A76","name":"NA SMC APEX STORE NODE A","switch":"RaleighA","techname":"Swink, Michael","csr_hostnames":["GRNRNCJBT1A-P-CI-0944-01"]},{"siteid":"606","site_unid":"AEB1E8883DA912822AD67CF608B859B7","name":"NA MANGUM","switch":"RaleighA","techname":"Gomez-Estevez, Crispin","csr_hostnames":["GRNRNCJBT1A-P-CI-0606-01"]},{"siteid":"155281","site_unid":"7D225923A09AB18FC1A38C66CA812EB7","name":"NA MARKET ST [ALLTEL REV]","switch":"RaleighA","techname":"Holmes, Herman","csr_hostnames":["GRNRNCJBT1A-P-CI-0281-01"]},{"siteid":"155644","site_unid":"7F6FCC52D2E4F282E6C9C3E105063BE7","name":"NA MAYNARD","switch":"RaleighA","techname":"Dymond, William","csr_hostnames":["GRNRNCJBT1A-P-CI-0644-01"]},{"siteid":"155435","site_unid":"BB128E9DC772C4A890BAC650D87A78E4","name":"NA MAYNARD [ALLTEL REV]","switch":"RaleighA","techname":"Dymond, William","csr_hostnames":["GRNRNCJBT1A-P-CI-0435-01"]},{"siteid":"155111","site_unid":"348831DEE354845639DD108A04F1CFED","name":"NA LINKSLAND","switch":"RaleighA","techname":"Swink, Michael","csr_hostnames":["GRNRNCJBT1A-P-CI-0111-01"]},{"siteid":"4558505","site_unid":"1DB607223FF66CF285F2B74C717850A9","name":"NA SMC WKE NC APEX SHOPS NODE E","switch":"RaleighA","techname":"Swink, Michael","csr_hostnames":["GRNRNCJBT1A-P-CI-0495-01"]},{"siteid":"155545","site_unid":"1DF6BD0AF57C040BC04DF3C8FEC9E6AC","name":"NA MIDDLE CREEK","switch":"RaleighA","techname":"Holmes, Herman","csr_hostnames":["GRNRNCJBT1A-P-CI-0545-01"]},{"siteid":"155305","site_unid":"CCCF3982263F72CF0030DF4B2F6BD3A0","name":"NA MORRISVILLE [ALLTEL]","switch":"RaleighA","techname":"Dymond, William","csr_hostnames":["GRNRNCJBT1A-P-CI-0305-01"]},{"siteid":"155278","site_unid":"C466CD16F0F1EB72255DF9CED0F2556C","name":"NA MOTORCYCLE_ROAD - A","switch":"RaleighA","techname":"Holmes, Herman","csr_hostnames":["GRNRNCJBT1A-P-CI-0278-S1"]},{"siteid":"155241","site_unid":"D5AE86B2209D3F47E6F9169D8E4EC178","name":"NA MOUNTAIN VIEW [ALLTEL]","switch":"RaleighA","techname":"Swink, Michael","csr_hostnames":["GRNRNCJBT1A-P-CI-0241-01"]},{"siteid":"155285","site_unid":"FF161886AAA8B772F0CFC97A10F5FA08","name":"NA SHENSTONE_BLVD","switch":"RaleighA","techname":"Holmes, Herman","csr_hostnames":["GRNRNCJBT1A-P-CI-0285-01"]},{"siteid":"155183","site_unid":"F80BC9AB4D18CCBEB650C59F06720082","name":"NA SILER CITY [ALLTEL REV]","switch":"RaleighA","techname":"Swink, Michael","csr_hostnames":["GRNRNCJBT1A-P-CI-0183-01"]},{"siteid":"155055","site_unid":"7AC7F32ADB521DD2141C0ABDF662CF53","name":"NA WEST HOLLY SPRINGS [ALLTEL]","switch":"RaleighA","techname":"Swink, Michael","csr_hostnames":["GRNRNCJBT1A-P-CI-0055-01"]},{"siteid":"155074","site_unid":"6556ADB03F8037CFAD1186C998B16AF3","name":"NA DILLARD","switch":"RaleighA","techname":"Gomez-Estevez, Crispin","csr_hostnames":["GRNRNCJBT1A-P-CI-0074-01"]},{"siteid":"155665","site_unid":"73F5130C9C9441267B20400C83AF49C7","name":"NA WHITE OAK ROAD","switch":"RaleighA","techname":"Holmes, Herman","csr_hostnames":["GRNRNCJBT1A-P-CI-0665-01"]},{"siteid":"155325","site_unid":"EB08C6480CB140431B04042D7A55BBBF","name":"NA KNIGHTS PLAY","switch":"RaleighA","techname":"Swink, Michael","csr_hostnames":["GRNRNCJBT1A-P-CI-0325-01"]},{"siteid":"155327","site_unid":"42F7D45C55137B6FB69F0A0ABB8A018D","name":"NA FUQUAY VARINA [ALLTEL REV]","switch":"RaleighA","techname":"Swink, Michael","csr_hostnames":["GRNRNCJBT1A-P-CI-0327-01"]},{"siteid":"889100","site_unid":"63ABCDB3BC2B0FADC2AA6AF637EB6F40","name":"NA SMC WKE NC NCSU NODE A TESS","switch":"RaleighA","techname":"Backhaus, Fred","csr_hostnames":["GRNRNCJBT1A-P-CI-0668-01"]},{"siteid":"890104","site_unid":"615E34FD818590850F4FFD06D47A76F7","name":"NA SMC WKE NC NCSU NODE F","switch":"RaleighA","techname":"Gomez-Estevez, Crispin","csr_hostnames":["GRNRNCJBT1A-P-CI-0668-01"]},{"siteid":"891102","site_unid":"EE16117BD53EACA3B521F198FD39FE4C","name":"NA SMC WKE NC NCSU NODE I","switch":"RaleighA","techname":"Backhaus, Fred","csr_hostnames":["GRNRNCJBT1A-P-CI-0414-01"]},{"siteid":"891103","site_unid":"3E793082DC67CF9DFA23B48DD534F176","name":"NA SMC WKE NC NCSU NODE J","switch":"RaleighA","techname":"Backhaus, Fred","csr_hostnames":["GRNRNCJBT1A-P-CI-0414-01"]},{"siteid":"155308","site_unid":"90500EDE358B3CA81C15EFA5E18232C9","name":"NA SAULS_PARK","switch":"RaleighA","techname":"Holmes, Herman","csr_hostnames":["GRNRNCJBT1A-P-CI-0308-01"]},{"siteid":"155375","site_unid":"DA5A01AA32E96629678C64858CB38CDE","name":"NA SUNSET_LAKE","switch":"RaleighA","techname":"Swink, Michael","csr_hostnames":["GRNRNCJBT1A-P-CI-0375-01"]},{"siteid":"455886","site_unid":"06DFEFA3F8A8A091D8722FC51623003B","name":"NA SMC HIGHFIELD NODE C","switch":"RaleighA","techname":"Dymond, William","csr_hostnames":["GRNRNCJBT1A-P-CI-0493-01"]},{"siteid":"75562373","site_unid":"766C23A7813369BFD86EBEA8D7FC5750","name":"NA SMC WALMART 1372 NODE A","switch":"RaleighA","techname":"Dymond, William","csr_hostnames":["GRNRNCJBT1A-P-CI-0623-01"]},{"siteid":"155704","site_unid":"3802FF3F2E9639876B9F75CCF79B67A8","name":"NA NEW HILL","switch":"RaleighA","techname":"Swink, Michael","csr_hostnames":["GRNRNCJBT1A-P-CI-0704-01"]},{"siteid":"155186","site_unid":"F505F63731EAD10571FA45E24A680231","name":"NA MERRY OAKS [ALLTEL]","switch":"RaleighA","techname":"Swink, Michael","csr_hostnames":["GRNRNCJBT1A-P-CI-0186-01"]},{"siteid":"455561","site_unid":"E5A91FC275F3784256649A6C67A1D93C","name":"NA SMC WALMART 5292 NODE A","switch":"RaleighA","techname":"Gomez-Estevez, Crispin","csr_hostnames":["GRNRNCJBT1A-P-CI-0561-01"]},{"siteid":"155160","site_unid":"79E7066C6B4EAFB7F796F4F312ED2EDE","name":"NA INB CARTER FINLEY STADIUM NODE A","switch":"RaleighA","techname":"Gomez-Estevez, Crispin","csr_hostnames":["GRNRNCJBT1A-P-CI-0160-01"]},{"siteid":"155280","site_unid":"9819B2DC6B9110595C7927DB6CBD0605","name":"NA BROAD_MOOR - A","switch":"RaleighA","techname":"Holmes, Herman","csr_hostnames":["GRNRNCJBT1A-P-CI-0280-S1"]},{"siteid":"155820","site_unid":"A528CE2E4F0997BD7F228836295EC43D","name":"NA BONLEE PCS","switch":"RaleighA","techname":"Swink, Michael","csr_hostnames":["GRNRNCJBT1A-P-CI-0820-01"]},{"siteid":"155191","site_unid":"264E0757E50FD3B0E435A115D786B63B","name":"NA SUNCREEK","switch":"RaleighA","techname":"Gomez-Estevez, Crispin","csr_hostnames":["GRNRNCJBT1A-P-CI-0191-S1"]},{"siteid":"155299","site_unid":"05F866437F3A6CA80B71A02314D313DB","name":"NA JUNCTION TOY CELL","switch":"RaleighA","techname":"Gomez-Estevez, Crispin","csr_hostnames":["GRNRNCJBT1A-P-CI-0299-01"]},{"siteid":"398513","site_unid":"1943953FDFB0C3F7EF98DA63525D17AB","name":"NA SMC HIGHFIELD NODE E","switch":"RaleighA","techname":"Dymond, William","csr_hostnames":["GRNRNCJBT1A-P-CI-0493-01"]},{"siteid":"891101","site_unid":"C2CBEF353B0C1AE2D2D0F711AFE4D420","name":"NA SMC WKE NC NCSU NODE H","switch":"RaleighA","techname":"Backhaus, Fred","csr_hostnames":["GRNRNCJBT1A-P-CI-0668-01"]},{"siteid":"4558363","site_unid":"729B963844ACE3124E7087E470CC87AC","name":"NA SMC WKE NC WHITE OAK NODE B","switch":"RaleighA","techname":"Holmes, Herman","csr_hostnames":["GRNRNCJBT1A-P-CI-0638-01"]},{"siteid":"4558361","site_unid":"B84A902FFF7BFADA3E01290521B75272","name":"NA SMC WKE NC WHITE OAK NODE D","switch":"RaleighA","techname":"Holmes, Herman","csr_hostnames":["GRNRNCJBT1A-P-CI-0638-01"]},{"siteid":"4558371","site_unid":"2E23B735C39DC73623D8A99A80E618BA","name":"NA SMC WKE NC WHITE OAK NODE F","switch":"RaleighA","techname":"Holmes, Herman","csr_hostnames":["GRNRNCJBT1A-P-CI-0638-01"]},{"siteid":"4558362","site_unid":"B0C57EF38EC62CCB7B79877B1AE88E3C","name":"NA SMC WKE NC WHITE OAK NODE I","switch":"RaleighA","techname":"Holmes, Herman","csr_hostnames":["GRNRNCJBT1A-P-CI-0638-01"]},{"siteid":"4558373","site_unid":"DB6E5A765D7CBFC0E090BD7E8424C56B","name":"NA SMC WKE NC WHITE OAK NODE L","switch":"RaleighA","techname":"Holmes, Herman","csr_hostnames":["GRNRNCJBT1A-P-CI-0638-01"]},{"siteid":"1559951","site_unid":"B85587B77AE96B9568E37489F84E0CDE","name":"NA SMC_SUNSET_LAKE_COMMONS_NODE_A","switch":"RaleighA","techname":"Swink, Michael","csr_hostnames":["GRNRNCJBT1A-P-CI-0686-01"]},{"siteid":"1559952","site_unid":"5D671D4EC57BCF4C461EAA76B4C37141","name":"NA SMC_SUNSET_LAKE_COMMONS_NODE_B","switch":"RaleighA","techname":"Swink, Michael","csr_hostnames":["GRNRNCJBT1A-P-CI-0686-01"]},{"siteid":"155808","site_unid":"06ADF2785959D579BF5C2FEA077BDC82","name":"NA DRUG STORE","switch":"RaleighA","techname":"Holmes, Herman","csr_hostnames":["GRNRNCJBT1A-P-CI-0808-01"]},{"siteid":"155395","site_unid":"7C297D3CCCBE64FCCE6F61765D3C5009","name":"NA JONES SAUSAGE [ALLTEL REV]","switch":"RaleighA","techname":"Holmes, Herman","csr_hostnames":["GRNRNCJBT1A-P-CI-0395-01"]},{"siteid":"155097","site_unid":"FCF85C7C5202F69EC81F75D8E19A979A","name":"NA SANDERFORD","switch":"RaleighA","techname":"Holmes, Herman","csr_hostnames":["GRNRNCJBT1A-P-CI-0097-01"]},{"siteid":"155181","site_unid":"482ED5854D92EADE10BBC5B97A441E78","name":"NA SANFORD [ALLTEL]","switch":"RaleighA","techname":"Swink, Michael","csr_hostnames":["GRNRNCJBT1A-P-CI-0181-01"]},{"siteid":"818101","site_unid":"C628017B7E2426FC017F4A92A840495C","name":"NA SMC DT RALEIGH 5","switch":"RaleighA","techname":"Backhaus, Fred","csr_hostnames":["GRNRNCJBT1A-P-CI-0320-01"]},{"siteid":"455899","site_unid":"1BAB98F2E18BCA5F3FB06856C0E26831","name":"NA SMC NC STATE FAIR GROUND NODE F","switch":"RaleighA","techname":"Gomez-Estevez, Crispin","csr_hostnames":["GRNRNCJBT1A-P-CI-0606-01"]},{"siteid":"972101","site_unid":"3092140AD0985E79A360D55FA1988CF4","name":"NA SMC WKE NC CONVENTION CENTER NO - NODE A TESS","switch":"RaleighA","techname":"Backhaus, Fred","csr_hostnames":["GRNRNCJBT1A-P-CI-0320-01"]},{"siteid":"817101","site_unid":"B399705558A51CCDF3E4B3DAC2BBAEAC","name":"SMC DT RALEIGH 13","switch":"RaleighA","techname":"Backhaus, Fred","csr_hostnames":["GRNRNCJBT1A-P-CI-0320-01"]},{"siteid":"155932","site_unid":"7C8C9F1C3E014C58CBD5384EF57C7A69","name":"DAS: NA INB WKE NC NCSU CENTENIAL N - WOLF RIDGE","switch":"RaleighA","techname":"Gomez-Estevez, Crispin","csr_hostnames":["GRNRNCJBT1A-P-CI-0932-S1"]},{"siteid":"155091","site_unid":"63ADBBE3216239B9FFDFB46D2CC20B74","name":"NA FAIRVIEW RDU - A","switch":"RaleighA","techname":"Swink, Michael","csr_hostnames":["GRNRNCJBT1A-P-CI-0091-01"]},{"siteid":"155742","site_unid":"ABFA5561104F11025E195DDA5DD25508","name":"INB_WKE_NC_WAKEMED_RALEIGH_NODE_A - A","switch":"RaleighA","techname":"Backhaus, Fred","csr_hostnames":["GRNRNCJBT1A-P-CI-0742-01"]},{"siteid":"819102","site_unid":"738510FB6B797930EFE73C7C1F75AEF7","name":"SMC_DT_RALEIGH_9 - A","switch":"RaleighA","techname":"Backhaus, Fred","csr_hostnames":["GRNRNCJBT1A-P-CI-0320-01"]},{"siteid":"155220","site_unid":"E316B804FA5131EDB7E7C76459CE49F2","name":"NA BROADHURST","switch":"RaleighA","techname":"Holmes, Herman","csr_hostnames":["GRNRNCJBT1A-P-CI-0220-01"]},{"siteid":"155965","site_unid":"1C7B3FBB7079670A8A670F8B753B119C","name":"NA SELMA","switch":"RaleighA","techname":"Holmes, Herman","csr_hostnames":["GRNRNCJBT1A-P-CI-0965-01"]},{"siteid":"155069","site_unid":"9E7E484934377A0E161149AADF595372","name":"NA SHEARON HARRIS PLANT CP&L COLO [ALLTEL]","switch":"RaleighA","techname":"Swink, Michael","csr_hostnames":["GRNRNCJBT1A-P-CI-0069-01"]},{"siteid":"155655","site_unid":"D0C3B4C0D14B731A6DDEAFD7984BDD12","name":"NA DIXIE TRAIL","switch":"RaleighA","techname":"Backhaus, Fred","csr_hostnames":["GRNRNCJBT1A-P-CI-0655-01"]},{"siteid":"155101","site_unid":"8E7FBC43114837370809ADDF2AC7DF4D","name":"NA BROWNESTONE HOTEL [ALLTEL REV]","switch":"RaleighA","techname":"Backhaus, Fred","csr_hostnames":["GRNRNCJBT1A-P-CI-0469-01"]},{"siteid":"640","site_unid":"BB4110651A4DF84E3DAD6864EB94F85E","name":"NA BTI","switch":"RaleighA","techname":"Backhaus, Fred","csr_hostnames":["GRNRNCJBT1A-P-CI-0640-01"]},{"siteid":"155176","site_unid":"9E61476A131D14E3978FF3C43FF98539","name":"NA BTI RELO - CAPITAL TOWERS","switch":"RaleighA","techname":"Backhaus, Fred","csr_hostnames":["GRNRNCJBT1A-P-CI-0176-01"]},{"siteid":"996101","site_unid":"45AD0B0368A4E793684B64DB8528AA92","name":"NA SMC FALLS CENTRE NODE A","switch":"RaleighA","techname":"Backhaus, Fred","csr_hostnames":["GRNRNCJBT1A-P-CI-0334-01"]},{"siteid":"996102","site_unid":"68222C49A326B96BED6319130E45E5E7","name":"NA SMC FALLS CENTRE NODE B","switch":"RaleighA","techname":"Backhaus, Fred","csr_hostnames":["GRNRNCJBT1A-P-CI-0334-01"]},{"siteid":"996103","site_unid":"589DC1F25638AF9069191C1E8A82EE25","name":"NA SMC FALLS CENTRE NODE C","switch":"RaleighA","techname":"Backhaus, Fred","csr_hostnames":["GRNRNCJBT1A-P-CI-0334-01"]},{"siteid":"996104","site_unid":"80A9EA289AF1ADC93C1E68A76E23BC26","name":"NA SMC FALLS CENTRE NODE D","switch":"RaleighA","techname":"Backhaus, Fred","csr_hostnames":["GRNRNCJBT1A-P-CI-0334-01"]},{"siteid":"999101","site_unid":"33FC70FEAA82CB57925880DF88B3415B","name":"NA SMC FALLS CENTRE NODE E","switch":"RaleighA","techname":"Backhaus, Fred","csr_hostnames":["GRNRNCJBT1A-P-CI-0334-01"]},{"siteid":"999102","site_unid":"0E13B8E8864B9990A4D99583797D0309","name":"NA SMC FALLS CENTRE NODE F","switch":"RaleighA","techname":"Backhaus, Fred","csr_hostnames":["GRNRNCJBT1A-P-CI-0334-01"]},{"siteid":"999103","site_unid":"1C777EF8F3618283E2A27A902ECEAD3A","name":"NA SMC FALLS CENTRE NODE G","switch":"RaleighA","techname":"Backhaus, Fred","csr_hostnames":["GRNRNCJBT1A-P-CI-0334-01"]},{"siteid":"155935","site_unid":"D24CA203AEBB4B40F5060AF532DC3489","name":"NA SMC FUQUAY STORE NODE A","switch":"RaleighA","techname":"Swink, Michael","csr_hostnames":["GRNRNCJBT1A-P-CI-0935-01"]},{"siteid":"817102","site_unid":"C7B9EE7BFD03A427D269F259261CE82C","name":"455817_SMC_DT_RALEIGH_H320","switch":"RaleighA","techname":"Backhaus, Fred","csr_hostnames":["GRNRNCJBT1A-P-CI-0320-01"]},{"siteid":"819101","site_unid":"BC07A481752C43B8D0E20F991F454358","name":"455819_SMC_DT_RALEIGH_H320","switch":"RaleighA","techname":"Backhaus, Fred","csr_hostnames":["GRNRNCJBT1A-P-CI-0320-01"]},{"siteid":"155245","site_unid":"8D9420632DCE9E0FD887BF578E773832","name":"NA TRAILS CORNER - CROWN 813356","switch":"RaleighA","techname":"Gomez-Estevez, Crispin","csr_hostnames":["GRNRNCJBT1A-P-CI-0245-S1"]},{"siteid":"502104","site_unid":"B41694153DD092F6343C173BD4DF8E17","name":"INB WILLIAMPEACEUNI BELK NODE A","switch":"RaleighA","techname":"Backhaus, Fred","csr_hostnames":["GRNRNCJBT1A-P-CI-0502-01"]},{"siteid":"502105","site_unid":"C09B64ED95596B10B2F56CBFB75FDA94","name":"INB WILLIAMPEACEUNI BINGHAM NODE A","switch":"RaleighA","techname":"Backhaus, Fred","csr_hostnames":["GRNRNCJBT1A-P-CI-0502-01"]},{"siteid":"502106","site_unid":"18C4795D20CE5DD071728459BFB9A4EB","name":"INB WILLIAMPEACEUNI DAVIDSON NODE A","switch":"RaleighA","techname":"Backhaus, Fred","csr_hostnames":["GRNRNCJBT1A-P-CI-0502-01"]},{"siteid":"502107","site_unid":"4C15DB85D355379AFA61F0F00102E1AE","name":"INB WILLIAMPEACEUNI FRAIZER NODE A","switch":"RaleighA","techname":"Backhaus, Fred","csr_hostnames":["GRNRNCJBT1A-P-CI-0502-01"]},{"siteid":"502101","site_unid":"C1980888FCB780E83383EC885FFF4F93","name":"INB WILLIAMPEACEUNI MAINBLDG NODE A","switch":"RaleighA","techname":"Backhaus, Fred","csr_hostnames":["GRNRNCJBT1A-P-CI-0502-01"]},{"siteid":"528101","site_unid":"17BACA709AD12D64FBC038C76D5CD4E4","name":"NA INB_NCSU_RIDDICK_NODE_A","switch":"RaleighA","techname":"Backhaus, Fred","csr_hostnames":["GRNRNCJBT1A-P-CI-0528-01"]},{"siteid":"0","site_unid":"08D75BE7CF34D8071C91125AA22DA4F6","name":"IBR: NA PROGRESS ENERGY","switch":"RaleighA","techname":"Backhaus, Fred","csr_hostnames":["No Associated Router"]},{"siteid":"0","site_unid":"B0C429BDA32EAF7E885CC61D09691C5B","name":"IBR: NA PRECISION WALLS","switch":"RaleighA","techname":"Dymond, William","csr_hostnames":["No Associated Router"]},{"siteid":"0","site_unid":"535DA29AF0E2FA70E52F44875A1DDC57","name":"IBR: NA NORTEL NETWORKS RTP S","switch":"RaleighA","techname":"Roll, Tom","csr_hostnames":["No Associated Router"]},{"siteid":"97240","site_unid":"60CCBDDD531CFB46040BE2282A5348F6","name":"IBR: NA NEWS AND OBSERVER","switch":"RaleighA","techname":"Dymond, William","csr_hostnames":["No Associated Router"]},{"siteid":"0","site_unid":"09C88523382F8CB03B2C0B76F4AA892E","name":"IBR: NA NCSU ETSS BLDG S","switch":"RaleighA","techname":"Backhaus, Fred","csr_hostnames":["No Associated Router"]},{"siteid":"0","site_unid":"1D7110636D51E9FD2EADF77991146CEB","name":"IBR: NA NC NATIONAL GUARD","switch":"RaleighA","techname":"Backhaus, Fred","csr_hostnames":["No Associated Router"]},{"siteid":"0","site_unid":"196B6ECC63AC5C0C5011388D61B0C597","name":"IBR: NA NATIONWIDE INSURANCE","switch":"RaleighA","techname":"Backhaus, Fred","csr_hostnames":["No Associated Router"]},{"siteid":"0","site_unid":"AAB3F2FC016877A47D405D3BFB70A01A","name":"IBR: NA JOHNSON CONTROLS","switch":"RaleighA","techname":"Backhaus, Fred","csr_hostnames":["No Associated Router"]},{"siteid":"0","site_unid":"B1100A4E1D51CF47D76CD800E2AA15FD","name":"IBR: NA FIRST CITIZEN RALEIGH","switch":"RaleighA","techname":"Dymond, William","csr_hostnames":["No Associated Router"]},{"siteid":"95927","site_unid":"75A297FCD90CDCFB659FE3E2F8454AC5","name":"IBR: NA ELSTER ELECTRIC BUILDING 208","switch":"RaleighA","techname":"Gomez-Estevez, Crispin","csr_hostnames":["No Associated Router"]},{"siteid":"127577","site_unid":"939FD418FC723AB347DE9E22239CE906","name":"IBR: NA PROGRESS ENERGY CARY REP","switch":"RaleighA","techname":"Dymond, William","csr_hostnames":["No Associated Router"]},{"siteid":"96304","site_unid":"AB796826EF6330BFC25C4B588BC28E68","name":"IBR: NA PROGRESS ENERGY GAR NTA","switch":"RaleighA","techname":"Dymond, William","csr_hostnames":["No Associated Router"]},{"siteid":"0","site_unid":"6C4D733606A5AC606C4C69AB1764D071","name":"IBR: NA PROGRESS ENERGY RALEIGH REP UP","switch":"RaleighA","techname":"Backhaus, Fred","csr_hostnames":["No Associated Router"]},{"siteid":"0","site_unid":"C5BE031BA9BD0C51578BEF169E499255","name":"IBR: NA RALEIGH CONVENTION CENTER","switch":"RaleighA","techname":"Backhaus, Fred","csr_hostnames":["No Associated Router"]},{"siteid":"95923","site_unid":"B9E0337FDC4FBA1FBE7FEF5559A912AE","name":"IBR: NA ELSTER ELECTRIC BUILDING 201","switch":"RaleighA","techname":"Gomez-Estevez, Crispin","csr_hostnames":["No Associated Router"]},{"siteid":"0","site_unid":"AC07EFAE4EFF96BA905F8C2717050C1D","name":"IBR: NA RALEIGH HOUSING AUTH","switch":"RaleighA","techname":"Backhaus, Fred","csr_hostnames":["No Associated Router"]},{"siteid":"0","site_unid":"D3009C30FBAD800E4A0B8DEAA131EB9B","name":"IBR: NA DAVID ALLEN BLDG","switch":"RaleighA","techname":"Backhaus, Fred","csr_hostnames":["No Associated Router"]},{"siteid":"0","site_unid":"B4CC19E27897D3DEA89E2A083604F7C7","name":"IBR: NA CITY OF RALEIGH EMERGENCY COMMUNICATIONS C","switch":"RaleighA","techname":"Backhaus, Fred","csr_hostnames":["No Associated Router"]},{"siteid":"0","site_unid":"3FAF50366B63A72C5DB61CDC5A8E102C","name":"IBR: NA RBC PLAZA","switch":"RaleighA","techname":"Backhaus, Fred","csr_hostnames":["No Associated Router"]},{"siteid":"0","site_unid":"E5576AFAB744F49C99B6B78FB4B936B3","name":"IBR: NA CARY TOWNE CENTER MALL","switch":"RaleighA","techname":"Dymond, William","csr_hostnames":["No Associated Router"]},{"siteid":"0","site_unid":"5D7C4D46D73F2649C120C4365865D6E5","name":"IBR: NA REX HEALTHCARE","switch":"RaleighA","techname":"Backhaus, Fred","csr_hostnames":["No Associated Router"]},{"siteid":"0","site_unid":"5360B84691D1466217EA402CD0DF5834","name":"IBR: NA AMERICAN RED CROSS","switch":"RaleighA","techname":"Backhaus, Fred","csr_hostnames":["No Associated Router"]},{"siteid":"97308","site_unid":"CD998919EF5B132577BD1D2D4CEEC2BE","name":"IBR: NA STARR ELECTRIC  RAL","switch":"RaleighA","techname":"Dymond, William","csr_hostnames":["No Associated Router"]},{"siteid":"0","site_unid":"3445D4EF4C0A3038F5F2A74B48470C03","name":"INB_WC_HEALTH_CLINIC - A","switch":"RaleighA","techname":"Backhaus, Fred","csr_hostnames":["No Associated Router"]},{"siteid":"0","site_unid":"A6C6B47A0BE9B855E468421EB33ED2A4","name":"INB_WC_DETENTION_CENTEr - A","switch":"RaleighA","techname":"Dymond, William","csr_hostnames":["No Associated Router"]},{"siteid":"0","site_unid":"61CA39704D44811A8A3FB26374F077BB","name":"IBR: NA STATE EMPLOYEE CREDIT UNION","switch":"RaleighA","techname":"Backhaus, Fred","csr_hostnames":["No Associated Router"]},{"siteid":"98161","site_unid":"62866C4C0FC0D2A459E178F6FCB9FBD5","name":"IBR: NA TIMER WARNER RALEIGH REPEATER","switch":"RaleighA","techname":"Dymond, William","csr_hostnames":["No Associated Router"]},{"siteid":"0","site_unid":"83B499BADA32DB7AFFDE68AF95EB6F60","name":"INB_WC_COURTHOUSE - A","switch":"RaleighA","techname":"Backhaus, Fred","csr_hostnames":["No Associated Router"]},{"siteid":"0","site_unid":"8545294F2A61D72132903E3210BA3C1A","name":"INB_WC_ADMINISTRATION_BUILDING - A","switch":"RaleighA","techname":"Backhaus, Fred","csr_hostnames":["No Associated Router"]},{"siteid":"155740","site_unid":"05F81B12202874236BB93CF81067E34F","name":"INB_WAK_NC_WAKECOUNTYJUSTICE_NODE_A - A","switch":"RaleighA","techname":"Backhaus, Fred","csr_hostnames":["No Associated Router"]},{"siteid":"0","site_unid":"32F312B11A26BFD4123D1CB4AFA051CC","name":"IBR: NA WAKE COUNTY SCHOOLS","switch":"RaleighA","techname":"Dymond, William","csr_hostnames":["No Associated Router"]},{"siteid":"97235","site_unid":"8385CA3B11056268B517B9CDFEA3B377","name":"IBR: NA WAKE COUNTY SCHOOLS #2","switch":"RaleighA","techname":"Dymond, William","csr_hostnames":["No Associated Router"]},{"siteid":"155748","site_unid":"4FE4E3FB0C8517599132E3BAE249953B","name":"INB_WAK_NC_COMMUNITYCARE_NODE_A - A","switch":"RaleighA","techname":"Gomez-Estevez, Crispin","csr_hostnames":["No Associated Router"]},{"siteid":"0","site_unid":"F23E349F1EA8E0024C9BD331E0843A69","name":"IBR: NA WAKE MED OPS CENTER","switch":"RaleighA","techname":"Backhaus, Fred","csr_hostnames":["No Associated Router"]},{"siteid":"0","site_unid":"4F9835F2606D2623BCFDF5AB37069B7A","name":"IBR: NA WAKE MED SMOKE TREE","switch":"RaleighA","techname":"Backhaus, Fred","csr_hostnames":["No Associated Router"]},{"siteid":"455142","site_unid":"3B8AF7B54FC06EF2D4800E6CAA7AFABF","name":"INB_CARY_TOWN_CENTER - A","switch":"RaleighA","techname":"Dymond, William","csr_hostnames":["No Associated Router"]},{"siteid":"0","site_unid":"E7EE15B5B7FE7C8166F331CAA99F3B29","name":"IBR: NA WAKE MED(NEWBURN CA","switch":"RaleighA","techname":"Backhaus, Fred","csr_hostnames":["No Associated Router"]},{"siteid":"97037","site_unid":"9AD5E331889545F338394BC291F0BEFA","name":"IBR: PROGRESS ENERGY GAR EIC","switch":"RaleighA","techname":"Dymond, William","csr_hostnames":["No Associated Router"]},{"siteid":"0","site_unid":"7FE5E81E8B7BAAC2587028529EA57D58","name":"IBR: NA WAKE MED(WEST CAMPU","switch":"RaleighA","techname":"Dymond, William","csr_hostnames":["No Associated Router"]},{"siteid":"455799","site_unid":"BF4383BEDC4887F8B9BDF9AAFBC92645","name":"SMC_NORTH_HILL_MALL_NODE_D - A","switch":"RaleighA","techname":"Backhaus, Fred","csr_hostnames":["GRNRNCJBT1A-P-CI-0306-01"]},{"siteid":"455798","site_unid":"271FEA96B3B99867FFF1DAEAA9B6BDEC","name":"SMC_NORTH_HILL_MALL_NODE_C - A","switch":"RaleighA","techname":"Backhaus, Fred","csr_hostnames":["GRNRNCJBT1A-P-CI-0306-01"]},{"siteid":"455797","site_unid":"0D3ADC4B4C0A643F469985EEB6BE1286","name":"SMC_NORTH_HILL_MALL_NODE_B - A","switch":"RaleighA","techname":"Backhaus, Fred","csr_hostnames":["GRNRNCJBT1A-P-CI-0306-01"]},{"siteid":"455796","site_unid":"5ED2421662303D3ED96F1BFA08C3A8DB","name":"SMC_NORTH_HILL_MALL_NODE_A - A","switch":"RaleighA","techname":"Backhaus, Fred","csr_hostnames":["GRNRNCJBT1A-P-CI-0306-01"]},{"siteid":"0","site_unid":"1D503FBAFF80C1457CB452CB8E929B92","name":"IBR: NA HARRIS WHOLESALE","switch":"RaleighA","techname":"Backhaus, Fred","csr_hostnames":["No Associated Router"]},{"siteid":"0","site_unid":"45ADF0AE9B43875BC6257B18D9E53DA8","name":"DAS: NA RALEIGH CONVENTION CENTER DAS/RPTR 6 DAS","switch":"RaleighA","techname":"Backhaus, Fred","csr_hostnames":["No Associated Router"]},{"siteid":"0","site_unid":"CC84D984A91941DD637D7DDFD2ECB1AA","name":"SMC_FOODLION_EDGEWATER_1 - A","switch":"RaleighA","techname":"Gomez-Estevez, Crispin","csr_hostnames":["No Associated Router"]},{"siteid":"845103","site_unid":"B8DC33D849439E47A26C9C4DC550170A","name":"NA SMC GLENWOOD SOUTH NODE C","switch":"RaleighA","techname":"Backhaus, Fred","csr_hostnames":["GRNRNCJBT1A-P-CI-0082-01"]},{"siteid":"845104","site_unid":"7068957B9491DCF08E1B72C362C00293","name":"NA SMC GLENWOOD SOUTH NODE D","switch":"RaleighA","techname":"Backhaus, Fred","csr_hostnames":["GRNRNCJBT1A-P-CI-0082-01"]},{"siteid":"455839","site_unid":"DD8CF073D29834BE0D99CF72DA7BD022","name":"NA SMC CARY CROSSROADS STORE NODE A","switch":"Raleigh (MTX8)","techname":"Dymond, William","csr_hostnames":[]},{"siteid":"155197","site_unid":"D9E1FFAC5C8394064CDDD4EB4FD7E841","name":"CARDINAL HILLS - ATC 273067","switch":"RaleighA","techname":"Gomez-Estevez, Crispin","csr_hostnames":[]},{"siteid":"0","site_unid":"3FE87030BBC34072846735EEF62DBE77","name":"IBR: NA APEX STORE","switch":"RaleighA","techname":"Swink, Michael","csr_hostnames":[]},{"siteid":"0","site_unid":"443428944AB5F53962372304EA1A3755","name":"IBR: NA BJ GARNER STORE","switch":"RaleighA","techname":"Decom, Tech","csr_hostnames":[]},{"siteid":"0","site_unid":"50A1DF5399CB97D85EB588E353307BB9","name":"IBR: NA CITY OF GARNER","switch":"RaleighA","techname":"Holmes, Herman","csr_hostnames":[]},{"siteid":"0","site_unid":"5E7E002572E8FA3CE960D08CD2837DD4","name":"IBR: NA CLAYTON CATERPILLAR","switch":"RaleighA","techname":"Holmes, Herman","csr_hostnames":[]},{"siteid":"0","site_unid":"763324E8FDBBFE325B187F6669F1392D","name":"IBR: NA CLAYTON CATERPILLAR 961 DAS","switch":"RaleighA","techname":"Holmes, Herman","csr_hostnames":[]},{"siteid":"0","site_unid":"7EEDA31DA46C52C42D3163988B0050DD","name":"IBR: NA FUQUAY VARINA STORE REPEAT","switch":"RaleighA","techname":"Swink, Michael","csr_hostnames":[]},{"siteid":"0","site_unid":"4B031B961A586C248857FE34D04C2EB8","name":"IBR: NA GKN DRIVELINE SANFORD","switch":"RaleighA","techname":"Swink, Michael","csr_hostnames":[]},{"siteid":"0","site_unid":"70A7298E5E5609222A1C985462F1042E","name":"IBR: NA JOHNSTON COUNTY SCHOOLS","switch":"RaleighA","techname":"Holmes, Herman","csr_hostnames":[]},{"siteid":"0","site_unid":"37F11AA6BAC8663B4D3E04EC187B4C4C","name":"IBR: NA JOHNSTON COUNTY WTR PLNT","switch":"RaleighA","techname":"Holmes, Herman","csr_hostnames":[]},{"siteid":"0","site_unid":"34AD091A37BF3550B493DDBF80CB88F3","name":"IBR: NA PEPSI BOTTLING","switch":"RaleighA","techname":"Holmes, Herman","csr_hostnames":[]},{"siteid":"0","site_unid":"9A7C0BA041FA6CD44480335C154E823F","name":"IBR: NA PETROLIANCE","switch":"RaleighA","techname":"Swink, Michael","csr_hostnames":[]},{"siteid":"0","site_unid":"C93B4E13387BE0503C242FE648777FE2","name":"IBR: NA PROGRESS ENERGY NEW HILL REP U","switch":"RaleighA","techname":"Swink, Michael","csr_hostnames":[]},{"siteid":"0","site_unid":"3600FE6BD81C60BE2DB07E48560E0D30","name":"IBR: NA ROVISYS NC APEX REPEATER","switch":"RaleighA","techname":"Swink, Michael","csr_hostnames":[]},{"siteid":"0","site_unid":"D23273709B10441A47D40C88D4BC012A","name":"IBR: NA SCANA","switch":"RaleighA","techname":"Swink, Michael","csr_hostnames":[]},{"siteid":"0","site_unid":"52B099030A976B2C570992392B318B73","name":"IBR: NA SHEARON HARRIS","switch":"RaleighA","techname":"Swink, Michael","csr_hostnames":[]},{"siteid":"0","site_unid":"C16A41EC1C467E5372F26CC5B786EFF4","name":"IBR: NA WAKE MED APEX","switch":"RaleighA","techname":"Swink, Michael","csr_hostnames":[]},{"siteid":"0","site_unid":"A85F0FAE0DC25D502B017413DEF56AB8","name":"IBR: NA WALMART 5046 CLAYTON","switch":"RaleighA","techname":"Holmes, Herman","csr_hostnames":[]},{"siteid":"155738","site_unid":"E75338583C54A73EDE6065537F018EA5","name":"INB_JOHNSTON_HEALTH - A","switch":"RaleighA","techname":"Holmes, Herman","csr_hostnames":[]},{"siteid":"155746","site_unid":"3DD92CD5F85588958C07F57F3799A948","name":"INB_NIEHS_RTP - A","switch":"RaleighA","techname":"Odom, Darby","csr_hostnames":[]},{"siteid":"155741","site_unid":"57599AFF0BA361E0DB9DC25583B4B748","name":"INB_WC_HUMAN_SERVICES - A","switch":"RaleighA","techname":"Backhaus, Fred","csr_hostnames":[]},{"siteid":"0","site_unid":"5592B9B7C365A53B6FBF9B5FACFB8B62","name":"INB_WKE_NC_CRABTREE_MALL_NODE_A","switch":"RaleighA","techname":"Bott, David","csr_hostnames":[]},{"siteid":"155231","site_unid":"16554CC11D86001876D1221F745DAD67","name":"JOHNSTON WATER PLANT - Talton","switch":"RaleighA","techname":"Holmes, Herman","csr_hostnames":[]},{"siteid":"0","site_unid":"D3862887FC4B9287E5C85339F303D2EB","name":"NA APEX REPLACEMENT (Alltel) [Tower Only]","switch":"RaleighA","techname":"Swink, Michael","csr_hostnames":[]},{"siteid":"41","site_unid":"D7BDDB994D1BCBED2710CFE119B0BA23","name":"NA BROADWAY WT","switch":"RaleighA","techname":"Decom, Tech","csr_hostnames":[]},{"siteid":"930","site_unid":"617B93A25181056929409B12AAABA6AA","name":"NA COW PINEHURST","switch":"RaleighA","techname":"Decom, Tech","csr_hostnames":[]},{"siteid":"455968","site_unid":"544D367FF7DF9E8433C7052450A9A259","name":"SMC_DT_ANGIER_1 - A","switch":"RaleighA","techname":"Holmes, Herman","csr_hostnames":[]},{"siteid":"455427","site_unid":"E0FA090EECF5837CAF35D795D8CF00C3","name":"SMC_WALMART_6570_NODE_A - A","switch":"RaleighA","techname":"Backhaus, Fred","csr_hostnames":[]},{"siteid":"155332","site_unid":"5DB5C5EEA8211307326EB7576289870E","name":"WELLINGTON_PARK - A","switch":"RaleighA","techname":"Dymond, William","csr_hostnames":[]}]}