{"site_devices":[{"siteid":"155809","site_unid":"F68895C93131A69A35863296EB1F2D2B","name":"NA FOUR OAKS","switch":"RaleighA","techname":"Price, Kenthony","csr_hostnames":["GRNRNCJBT1A-P-CI-0809-01"]},{"siteid":"155271","site_unid":"1FDC0A26A77773F503AC6447A4A1D3EA","name":"NA FREMONT RD [ALLTEL]","switch":"RaleighA","techname":"Price, Kenthony","csr_hostnames":["GRNRNCJBT1A-P-CI-0271-01"]},{"siteid":"430","site_unid":"63C1D956B0C6BCF45984EBA0C6630C43","name":"NA GARLAND [ALLTEL]","switch":"Raleigh (MTX8)","techname":"Horne, John","csr_hostnames":["RLGHNCORT1A-P-CI-0430-01"]},{"siteid":"156334","site_unid":"F6ECF01A9858068D8ED31D0A85D312DB","name":"NA GIDDENSVILLE [ALLTEL REV]","switch":"Raleigh (MTX8)","techname":"Horne, John","csr_hostnames":["RLGHNCORT1A-P-CI-0334-01"]},{"siteid":"156514","site_unid":"05F03906C663C45139D951B4210247A0","name":"NA GILLESPIE [ALLTEL REV]","switch":"Raleigh (MTX8)","techname":"McDuffie, Ashley","csr_hostnames":["RLGHNCORT1A-P-CI-0514-01"]},{"siteid":"156506","site_unid":"8FECF6B462A5B2429A255A7174BB9EA6","name":"NA HOG SWAMP","switch":"Raleigh (MTX8)","techname":"McDuffie, Ashley","csr_hostnames":["RLGHNCORT1A-P-CI-0506-01"]},{"siteid":"156490","site_unid":"9E47789AF67C7E3E85ED66198008E510","name":"NA HONEYCUTT [ALLTEL]","switch":"Raleigh (MTX8)","techname":"Cox, William","csr_hostnames":["RLGHNCORT1A-P-CI-0490-01"]},{"siteid":"725","site_unid":"1BD4E0D9A889C08D8647358183801279","name":"NA HOPE MILLS","switch":"Raleigh (MTX8)","techname":"Andujar, Lional","csr_hostnames":["RLGHNCORT1A-P-CI-0725-01"]},{"siteid":"156452","site_unid":"E84070BBF2416D124B06901A500475F1","name":"NA HOPE MILLS [ALLTEL]","switch":"Raleigh (MTX8)","techname":"Andujar, Lional","csr_hostnames":["RLGHNCORT1A-P-CI-0452-01"]},{"siteid":"452","site_unid":"DC77A4AF5D8A4860B2033A884F6F0BF6","name":"NA GRANTHAM [ALLTEL REV]","switch":"RaleighA","techname":"Price, Kenthony","csr_hostnames":["GRNRNCJBT1A-P-CI-0452-H1"]},{"siteid":"653","site_unid":"C3107115CDC87BC39F6F6DF0227D81C7","name":"NA HARRELLS","switch":"Raleigh (MTX8)","techname":"Horne, John","csr_hostnames":["RLGHNCORT1A-P-CI-0653-01"]},{"siteid":"155182","site_unid":"A6900E8FA8C14D30F0490640480F5F1D","name":"NA HARVEY","switch":"RaleighA","techname":"Rhymer, Richard","csr_hostnames":["GRNRNCJBT1A-P-CI-0182-01"]},{"siteid":"156480","site_unid":"42B5ACA392EC2523928211D20CC38E42","name":"NA HAYMOUNT [ALLTEL]","switch":"Raleigh (MTX8)","techname":"McDuffie, Ashley","csr_hostnames":["RLGHNCORT1A-P-CI-0480-01"]},{"siteid":"155852","site_unid":"8850F0B79C558BF851B8118183844029","name":"NA HICKMAN PCS","switch":"RaleighA","techname":"Cox, William","csr_hostnames":["GRNRNCJBT1A-P-CI-0852-01"]},{"siteid":"797","site_unid":"BB5A8075A2EE6316B5E47B75F1D24436","name":"NA HICKORY GROVE CROSSROADS","switch":"Raleigh (MTX8)","techname":"Horne, John","csr_hostnames":["RLGHNCORT1A-P-CI-0797-01"]},{"siteid":"156740","site_unid":"4CEAEF779E4C242F8BD2332BBAC34A06","name":"NA NORTH REILLY","switch":"Raleigh (MTX8)","techname":"Andujar, Lional","csr_hostnames":["RLGHNCORT1A-P-CI-0740-01"]},{"siteid":"155998","site_unid":"14265BDA320388CFEBCE905D08B19F17","name":"NA NORTH SANFORD PCS","switch":"RaleighA","techname":"Rhymer, Richard","csr_hostnames":["GRNRNCJBT1A-P-CI-0998-01"]},{"siteid":"155226","site_unid":"982D835110EA5F9114E2EFCA3F4F4E53","name":"NA HWY 211 [ALLTEL]","switch":"RaleighA","techname":"Rhymer, Richard","csr_hostnames":["GRNRNCJBT1A-P-CI-0226-01"]},{"siteid":"156508","site_unid":"443773DB3649B7EF0FFE91333435E759","name":"NA I 95 [ALLTEL REV]","switch":"Raleigh (MTX8)","techname":"Horne, John","csr_hostnames":["RLGHNCORT1A-P-CI-0508-01"]},{"siteid":"356","site_unid":"8C80F8E7D65A251756CA25635E355D90","name":"NA GOLDSBORO DOWNTOWN [ALLTEL REV]","switch":"RaleighA","techname":"Price, Kenthony","csr_hostnames":["GRNRNCJBT1A-P-CI-0356-01"]},{"siteid":"155768","site_unid":"D8439F980848A36BB6B9C335923C4F1F","name":"NA OBERRY","switch":"RaleighA","techname":"Price, Kenthony","csr_hostnames":["GRNRNCJBT1A-P-CI-0768-01"]},{"siteid":"156446","site_unid":"532B273923C49C29F8F88409F227BA7B","name":"NA ORRUM","switch":"Raleigh (MTX8)","techname":"McDuffie, Ashley","csr_hostnames":["RLGHNCORT1A-P-CI-0446-01"]},{"siteid":"156735","site_unid":"171578FDDF7C58563B9650A3067CEFF6","name":"NA I95 53","switch":"Raleigh (MTX8)","techname":"McDuffie, Ashley","csr_hostnames":["RLGHNCORT1A-P-CI-0735-01"]},{"siteid":"156733","site_unid":"59E549DD9907F86BAA89264621CE791C","name":"NA I95 NORTH","switch":"Raleigh (MTX8)","techname":"Cox, William","csr_hostnames":["RLGHNCORT1A-P-CI-0733-01"]},{"siteid":"156492","site_unid":"4C26D95C260E7CBC0CB98277C155D71A","name":"NA I95 NORTH [ALLTEL REV]","switch":"Raleigh (MTX8)","techname":"Cox, William","csr_hostnames":["RLGHNCORT1A-P-CI-0492-01"]},{"siteid":"156734","site_unid":"7EE24A6D721373DAFF0D24E7EEEAA0D0","name":"NA I95 NORTH SPLIT","switch":"Raleigh (MTX8)","techname":"Horne, John","csr_hostnames":["RLGHNCORT1A-P-CI-0734-01"]},{"siteid":"155520","site_unid":"99D5CBCA095BAE0EBBF1C8278626D6B1","name":"INB MOORE REGIONAL HOSPITAL","switch":"RaleighA","techname":"Rhymer, Richard","csr_hostnames":["GRNRNCJBT1A-P-CI-0520-01"]},{"siteid":"800","site_unid":"51D47DD7E2128BBFB8719AD0E624E76D","name":"NA NEWTON GROVE","switch":"RaleighA","techname":"Horne, John","csr_hostnames":["GRNRNCJBT1A-P-CI-0800-01"]},{"siteid":"156332","site_unid":"880997753BC899E8BAF6EAD57137C011","name":"NA NEWTON GROVE [ALLTEL]","switch":"Raleigh (MTX8)","techname":"Horne, John","csr_hostnames":["RLGHNCORT1A-P-CI-0332-01"]},{"siteid":"761","site_unid":"E15E5EAA4DCEA6EFDFBB361FB487AEC0","name":"NA NORTH BERKLEY","switch":"RaleighA","techname":"Price, Kenthony","csr_hostnames":["GRNRNCJBT1A-P-CI-0761-01"]},{"siteid":"156746","site_unid":"EE11EB37A5C6233AEB677E264E6CEC92","name":"NA NORTH LUMBERTON","switch":"Raleigh (MTX8)","techname":"McDuffie, Ashley","csr_hostnames":["RLGHNCORT1A-P-CI-0746-01"]},{"siteid":"155170","site_unid":"FD1E6AF35FBDD691E959B266D8EECD06","name":"NA BRIGHTLEAF","switch":"RaleighA","techname":"Price, Kenthony","csr_hostnames":["GRNRNCJBT1A-P-CI-0170-01"]},{"siteid":"494","site_unid":"150233375AA0F4F763B1FBB9E1044712","name":"NA LaFayette VZW","switch":"Raleigh (MTX8)","techname":"Andujar, Lional","csr_hostnames":["RLGHNCORT1A-P-CI-0494-01"]},{"siteid":"156662","site_unid":"C2164715E2CFA27814DDCF7D0AB8B446","name":"NA LAGRANGE","switch":"Raleigh (MTX8)","techname":"Price, Kenthony","csr_hostnames":["RLGHNCORT1A-P-CI-0662-01"]},{"siteid":"156188","site_unid":"D856E9826EA3C90F63888979C04A1432","name":"NA LAKE RIM","switch":"Raleigh (MTX8)","techname":"Andujar, Lional","csr_hostnames":["RLGHNCORT1A-P-CI-0188-01"]},{"siteid":"155543","site_unid":"03888CE1943640BBF397A3B1B02213DC","name":"NA LAKE TRACE","switch":"RaleighA","techname":"Rhymer, Richard","csr_hostnames":["GRNRNCJBT1A-P-CI-0543-H1"]},{"siteid":"156411","site_unid":"92067F4291CFF3AECB44484A80CCA3D6","name":"NA LAKEDALE [ALLTEL]","switch":"Raleigh (MTX8)","techname":"McDuffie, Ashley","csr_hostnames":["RLGHNCORT1A-P-CI-0411-01"]},{"siteid":"155295","site_unid":"8516F975868EBB57D5E1F6E86B5DAC6C","name":"NA LAKESIDE 3 [ALLTEL REV]","switch":"RaleighA","techname":"Cox, William","csr_hostnames":["GRNRNCJBT1A-P-CI-0295-01"]},{"siteid":"155994","site_unid":"994BA244A7C7A9B9898BFA2FD1924F8A","name":"NA LAMMS GROVE PCS","switch":"RaleighA","techname":"Rhymer, Richard","csr_hostnames":["GRNRNCJBT1A-P-CI-0994-01"]},{"siteid":"156242","site_unid":"DB35D2944128D2381728B60991980A58","name":"NA MILL BRANCH","switch":"Raleigh (MTX8)","techname":"Andujar, Lional","csr_hostnames":["RLGHNCORT1A-P-CI-0242-01"]},{"siteid":"156262","site_unid":"317FFBF238C8DE9E9055E849230C6C6C","name":"NA BIG MAC","switch":"Raleigh (MTX8)","techname":"Andujar, Lional","csr_hostnames":["RLGHNCORT1A-P-CI-0262-01"]},{"siteid":"156447","site_unid":"59C17725B6152E2E4F30F1EDFF0397EC","name":"NA MCARTHUR NC","switch":"Raleigh (MTX8)","techname":"Cox, William","csr_hostnames":["RLGHNCORT1A-P-CI-0447-S1"]},{"siteid":"156427","site_unid":"CE711C22037C67A8FFA521C92CD40474","name":"NA MCCAIN [ALLTEL]","switch":"Raleigh (MTX8)","techname":"Rhymer, Richard","csr_hostnames":["RLGHNCORT1A-P-CI-0427-01"]},{"siteid":"718","site_unid":"74BE0E922BD74D29BFEB80027B8B8F6C","name":"NA MCCLEANS PCS","switch":"RaleighA","techname":"Cox, William","csr_hostnames":["GRNRNCJBT1A-P-CI-0718-01"]},{"siteid":"156501","site_unid":"1E510D5EC033A187F09C65F6D0E05EB2","name":"NA MCDONALD","switch":"Raleigh (MTX8)","techname":"McDuffie, Ashley","csr_hostnames":["RLGHNCORT1A-P-CI-0501-01"]},{"siteid":"156429","site_unid":"F15600E5528D4B209B47E0069C787682","name":"NA MCDONALD FY [ALLTEL REV]","switch":"Raleigh (MTX8)","techname":"McDuffie, Ashley","csr_hostnames":["RLGHNCORT1A-P-CI-0429-01"]},{"siteid":"155542","site_unid":"389D465F44CA8AC66578897F15A164B8","name":"NA MCIVER","switch":"RaleighA","techname":"Rhymer, Richard","csr_hostnames":["GRNRNCJBT1A-P-CI-0542-S1"]},{"siteid":"155208","site_unid":"59DB2EC093E7C131D5B6F5023EF49597","name":"NA MCLEOD CREEK","switch":"RaleighA","techname":"Cox, William","csr_hostnames":["GRNRNCJBT1A-P-CI-0208-01"]},{"siteid":"156523","site_unid":"93384F5E144E7A41A44795A65CEC2C7B","name":"NA MCMILLAN","switch":"Raleigh (MTX8)","techname":"Andujar, Lional","csr_hostnames":["RLGHNCORT1A-P-CI-0523-01"]},{"siteid":"156432","site_unid":"7410996A45415EEA920C4EBCDE68F4BF","name":"NA MEADOW BRANCH [ALLTEL]","switch":"Raleigh (MTX8)","techname":"McDuffie, Ashley","csr_hostnames":["RLGHNCORT1A-P-CI-0432-01"]},{"siteid":"156336","site_unid":"BFD20A0D90939151FE67B7A23C61209A","name":"NA RIVER LANDING [ALLTEL]","switch":"Raleigh (MTX8)","techname":"Horne, John","csr_hostnames":["RLGHNCORT1A-P-CI-0336-01"]},{"siteid":"409","site_unid":"C4A3ED5B82F67E265A13B72E5B4FF10C","name":"NA RIVER RD [ALLTEL]","switch":"Raleigh (MTX8)","techname":"Cox, William","csr_hostnames":["RLGHNCORT1A-P-CI-0409-01"]},{"siteid":"156112","site_unid":"B0DD847F6E178AEDD53124F5A294F3D9","name":"NA VANSTORY HILLS","switch":"Raleigh (MTX8)","techname":"McDuffie, Ashley","csr_hostnames":["RLGHNCORT1A-P-CI-0112-01"]},{"siteid":"155566","site_unid":"75E5865D2A102DF3BBCC72BB9557FC8D","name":"NA VILLAGE CHAPEL","switch":"RaleighA","techname":"Rhymer, Richard","csr_hostnames":["GRNRNCJBT1A-P-CI-0566-01"]},{"siteid":"155359","site_unid":"FEE1A81406BFE09C91B63B398D778225","name":"NA BESTON [ALLTEL]","switch":"RaleighA","techname":"Price, Kenthony","csr_hostnames":["GRNRNCJBT1A-P-CI-0359-01"]},{"siteid":"156464","site_unid":"041F4973B065D8B7646BFA4E0237272E","name":"NA ANTIOCH  DUFFIES AT&T [ALLTEL REV]","switch":"Raleigh (MTX8)","techname":"Andujar, Lional","csr_hostnames":["RLGHNCORT1A-P-CI-0464-01"]},{"siteid":"155750","site_unid":"B8404DF7E5225AAA3758FC92E0492F08","name":"NA EL ROY","switch":"RaleighA","techname":"Price, Kenthony","csr_hostnames":["GRNRNCJBT1A-P-CI-0750-01"]},{"siteid":"155840","site_unid":"63CCDFF82ECFCC7467D1AAE8F59EF013","name":"NA ELEVATION PCS","switch":"RaleighA","techname":"Price, Kenthony","csr_hostnames":["GRNRNCJBT1A-P-CI-0840-01"]},{"siteid":"156513","site_unid":"CD920420A84781F364039F87F61C1DFE","name":"NA ELIZABETHTOWN","switch":"Raleigh (MTX8)","techname":"McDuffie, Ashley","csr_hostnames":["RLGHNCORT1A-P-CI-0513-01"]},{"siteid":"156644","site_unid":"066C1ED3769536E906174DD84F339438","name":"NA ELLIOT","switch":"Raleigh (MTX8)","techname":"Horne, John","csr_hostnames":["RLGHNCORT1A-P-CI-0644-01"]},{"siteid":"156510","site_unid":"C7866C4C5F8C84B70DC66FA7A6B4A916","name":"NA ELLIOTS BRIDGE [ALLTEL]","switch":"Raleigh (MTX8)","techname":"Cox, William","csr_hostnames":["RLGHNCORT1A-P-CI-0510-01"]},{"siteid":"155213","site_unid":"E4F57C9DF7A0F6ACFE7576F7F6984DEB","name":"NA ROBBINS [ALLTEL]","switch":"RaleighA","techname":"Rhymer, Richard","csr_hostnames":["GRNRNCJBT1A-P-CI-0213-01"]},{"siteid":"156423","site_unid":"3C8B557BE6BBB576FB8C76AFB05CB51F","name":"NA ROCKFISH [ALLTEL REV]","switch":"Raleigh (MTX8)","techname":"Rhymer, Richard","csr_hostnames":["RLGHNCORT1A-P-CI-0423-01"]},{"siteid":"156316","site_unid":"467D458B6917ABBB0B94C35B935858FA","name":"NA ROSE HILL [ALLTEL REV]","switch":"Raleigh (MTX8)","techname":"Horne, John","csr_hostnames":["RLGHNCORT1A-P-CI-0316-01"]},{"siteid":"156335","site_unid":"8288C05ED3D17AAB9B33539A205B7AB3","name":"NA ROSEBORO ALTERNATE [ALLTEL REV]","switch":"Raleigh (MTX8)","techname":"Horne, John","csr_hostnames":["RLGHNCORT1A-P-CI-0335-01"]},{"siteid":"156110","site_unid":"F1304DCE666E0E86E4C1189725F31219","name":"NA ROSEHILL RD","switch":"Raleigh (MTX8)","techname":"McDuffie, Ashley","csr_hostnames":["RLGHNCORT1A-P-CI-0110-01"]},{"siteid":"156522","site_unid":"D503DE2D70D592E090FCA29BC2F60FFF","name":"NA ASHPOLE","switch":"Raleigh (MTX8)","techname":"Andujar, Lional","csr_hostnames":["RLGHNCORT1A-P-CI-0522-01"]},{"siteid":"156434","site_unid":"5A2A3CABE7B300BB8FF22764D05E960F","name":"NA AUTRYVILLE [ALLTEL]","switch":"Raleigh (MTX8)","techname":"Horne, John","csr_hostnames":["RLGHNCORT1A-P-CI-0434-01"]},{"siteid":"711","site_unid":"E76F5D4B66C238E8CCB42B8AFB121A57","name":"NA SUTTONTOWN","switch":"Raleigh (MTX8)","techname":"Horne, John","csr_hostnames":["RLGHNCORT1A-P-CI-0711-01"]},{"siteid":"155070","site_unid":"D47FAD2ABE11D99E2D944306BCF79DAC","name":"NA SW CHATHAM TOWER COUNTY TOWER COLO [ALLTEL]","switch":"RaleighA","techname":"Rhymer, Richard","csr_hostnames":["GRNRNCJBT1A-P-CI-0070-01"]},{"siteid":"155790","site_unid":"3A4F0490826DE0E3DF055A8A7B4ABD5A","name":"NA CARTHAGE PCS","switch":"RaleighA","techname":"Rhymer, Richard","csr_hostnames":["GRNRNCJBT1A-P-CI-0790-01"]},{"siteid":"156443","site_unid":"74B1810A16A77B2EBC14353AD93F85D5","name":"NA CARVERS CREEK COLLUM PROPERTY [ALLTEL]","switch":"Raleigh (MTX8)","techname":"McDuffie, Ashley","csr_hostnames":["RLGHNCORT1A-P-CI-0443-01"]},{"siteid":"156379","site_unid":"D770FA1B588164D764CEDDEB1CD053EE","name":"NA LUMBER BRIDGE [ALLTEL REV]","switch":"Raleigh (MTX8)","techname":"Andujar, Lional","csr_hostnames":["RLGHNCORT1A-P-CI-0379-01"]},{"siteid":"156410","site_unid":"5AF59400223733638CD7559F497201E3","name":"NA LUMBERTON [ALLTEL]","switch":"Raleigh (MTX8)","techname":"Andujar, Lional","csr_hostnames":["RLGHNCORT1A-P-CI-0410-01"]},{"siteid":"156414","site_unid":"9E8037CFF3501F9EB6A239BF6F82DAB2","name":"NA MAGNOLIA EVANS PROPERTY [ALLTEL REV]","switch":"Raleigh (MTX8)","techname":"Horne, John","csr_hostnames":["RLGHNCORT1A-P-CI-0414-01"]},{"siteid":"155717","site_unid":"622BA969ABCED2F918112410CBBA9E0E","name":"NA MAMERS PCS","switch":"RaleighA","techname":"Cox, William","csr_hostnames":["GRNRNCJBT1A-P-CI-0717-01"]},{"siteid":"156425","site_unid":"3748476B93B27DD7234D92ADA1EA951F","name":"NA SOUTH LUMBERTON [ALLTEL]","switch":"Raleigh (MTX8)","techname":"McDuffie, Ashley","csr_hostnames":["RLGHNCORT1A-P-CI-0425-01"]},{"siteid":"156437","site_unid":"384A5239DEACC0768ACABDE4B63B9326","name":"NA SOUTHVIEW RIDDLE PROPERTY [ALLTEL REV]","switch":"Raleigh (MTX8)","techname":"Andujar, Lional","csr_hostnames":["RLGHNCORT1A-P-CI-0437-01"]},{"siteid":"634","site_unid":"508D6CAD16F68156981B5531D99ACD38","name":"NA SPIVEYS CORNER","switch":"Raleigh (MTX8)","techname":"Horne, John","csr_hostnames":["RLGHNCORT1A-P-CI-0634-01"]},{"siteid":"155192","site_unid":"F4A7C7F487D2DD7A3371103A4C15C7B2","name":"NA SPOUT SPRINGS [ALLTEL]","switch":"RaleighA","techname":"Cox, William","csr_hostnames":["GRNRNCJBT1A-P-CI-0192-01"]},{"siteid":"156728","site_unid":"E62C12697A73EA49B3647A7A93617336","name":"NA SPRING LAKE","switch":"Raleigh (MTX8)","techname":"Cox, William","csr_hostnames":["RLGHNCORT1A-P-CI-0728-01"]},{"siteid":"156722","site_unid":"2205E75E89462A86EE3E385D64093FA2","name":"NA CEDAR CREEK NC","switch":"Raleigh (MTX8)","techname":"McDuffie, Ashley","csr_hostnames":["RLGHNCORT1A-P-CI-0722-01"]},{"siteid":"825","site_unid":"638D90A7AF3CD9D8CA11CDCE07FA1F79","name":"NA CHALYBEATE SPRINGS PCS","switch":"RaleighA","techname":"Cox, William","csr_hostnames":["GRNRNCJBT1A-P-CI-0825-01"]},{"siteid":"155769","site_unid":"ED61355372200E3CBBA1DC1A483D94F4","name":"NA CHARLES BRANCH","switch":"RaleighA","techname":"Price, Kenthony","csr_hostnames":["GRNRNCJBT1A-P-CI-0769-01"]},{"siteid":"156737","site_unid":"BBEDAFC1EABF91A3BF2E5E0A76DAE189","name":"NA STEDMAN","switch":"Raleigh (MTX8)","techname":"Horne, John","csr_hostnames":["RLGHNCORT1A-P-CI-0737-01"]},{"siteid":"156113","site_unid":"16B199F5A79D11FB1A992FB9E435ABE3","name":"NA CAMDEN RD","switch":"Raleigh (MTX8)","techname":"Andujar, Lional","csr_hostnames":["RLGHNCORT1A-P-CI-0113-01"]},{"siteid":"155791","site_unid":"2F7EE02DDEB738DCF7F7767DE513AA85","name":"NA CAMERON PCS","switch":"RaleighA","techname":"Rhymer, Richard","csr_hostnames":["GRNRNCJBT1A-P-CI-0791-01"]},{"siteid":"155763","site_unid":"8204D3CA1D3426B006B417876BBCA869","name":"NA STONEY CREEK ENC","switch":"RaleighA","techname":"Price, Kenthony","csr_hostnames":["GRNRNCJBT1A-P-CI-0763-01"]},{"siteid":"156495","site_unid":"76062A0907D867A6D8FE1D1299C75764","name":"NA STONEY POINT [ALLTEL REV]","switch":"Raleigh (MTX8)","techname":"Andujar, Lional","csr_hostnames":["RLGHNCORT1A-P-CI-0495-01"]},{"siteid":"156765","site_unid":"432E53AA3A609E60AE638DDF50E96013","name":"NA STRICKLAND BRIDGE","switch":"Raleigh (MTX8)","techname":"Andujar, Lional","csr_hostnames":["RLGHNCORT1A-P-CI-0765-01"]},{"siteid":"156668","site_unid":"B4BFC95885DF451C8DE55F7A82711456","name":"NA INGOLD","switch":"Raleigh (MTX8)","techname":"Horne, John","csr_hostnames":["RLGHNCORT1A-P-CI-0668-01"]},{"siteid":"155764","site_unid":"C0DB3452D84CA3C185FF89CF2EDBF918","name":"NA JAMES STREET","switch":"RaleighA","techname":"Price, Kenthony","csr_hostnames":["GRNRNCJBT1A-P-CI-0764-01"]},{"siteid":"155802","site_unid":"B76F79160E6DF64ED1DCE96CD3037040","name":"NA LONG BRANCH","switch":"RaleighA","techname":"Cox, William","csr_hostnames":["GRNRNCJBT1A-P-CI-0802-01"]},{"siteid":"156431","site_unid":"CB58660F1606D53F1B14BBEFB0FDF555","name":"NA CHINQUAPIN US CELL TOWER [ALLTEL]","switch":"Raleigh (MTX8)","techname":"Horne, John","csr_hostnames":["RLGHNCORT1A-P-CI-0431-01"]},{"siteid":"156521","site_unid":"7FC6201D50C433B4CCA1AAC52761AAF1","name":"NA CLARKTON","switch":"Raleigh (MTX8)","techname":"McDuffie, Ashley","csr_hostnames":["RLGHNCORT1A-P-CI-0521-01"]},{"siteid":"156720","site_unid":"5FD49127FFFFE8885FC7EA41C4C20289","name":"NA CLIFFDALE","switch":"Raleigh (MTX8)","techname":"Andujar, Lional","csr_hostnames":["RLGHNCORT1A-P-CI-0720-01"]},{"siteid":"156458","site_unid":"C0952DE73821792F685C7092809647D7","name":"NA CLIFFDALE [ALLTEL]","switch":"Raleigh (MTX8)","techname":"Andujar, Lional","csr_hostnames":["RLGHNCORT1A-P-CI-0458-01"]},{"siteid":"156087","site_unid":"9F8F72A9CF2DAF68B0B2703672DECF3D","name":"NA ALBERTSON [ALLTEL]","switch":"Raleigh (MTX8)","techname":"Horne, John","csr_hostnames":["RLGHNCORT1A-P-CI-0087-01"]},{"siteid":"156491","site_unid":"FCF57E9BFBEC6F4BEE037200CFBAAD09","name":"NA ALL AMERICAN PWC CITY OF FAYETTEVILLE [ALLTEL]","switch":"Raleigh (MTX8)","techname":"McDuffie, Ashley","csr_hostnames":["RLGHNCORT1A-P-CI-0491-01"]},{"siteid":"155993","site_unid":"7EFD3435B00215DAE5C3BDA86534A363","name":"NA ANDERSON CREEK PCS","switch":"RaleighA","techname":"Cox, William","csr_hostnames":["GRNRNCJBT1A-P-CI-0993-01"]},{"siteid":"155291","site_unid":"46D9C5AF7B116F44DB513A90ED3D8799","name":"NA LONG VIEW [ALLTEL]","switch":"RaleighA","techname":"Rhymer, Richard","csr_hostnames":["GRNRNCJBT1A-P-CI-0291-S1"]},{"siteid":"155985","site_unid":"D7FD6CFF07CCACDCD5E38B1FD8539493","name":"NA RAY PCS","switch":"RaleighA","techname":"Cox, William","csr_hostnames":["GRNRNCJBT1A-P-CI-0985-01"]},{"siteid":"156770","site_unid":"0E9FF458FA08AB43A6D4DD02BE921CA6","name":"NA RAYFORD PCS","switch":"Raleigh (MTX8)","techname":"Rhymer, Richard","csr_hostnames":["RLGHNCORT1A-P-CI-0770-01"]},{"siteid":"156337","site_unid":"57FAE288DF9E4241626ED5E6F9088102","name":"NA RED SPRINGS [ALLTEL]","switch":"Raleigh (MTX8)","techname":"Andujar, Lional","csr_hostnames":["RLGHNCORT1A-P-CI-0337-01"]},{"siteid":"756834","site_unid":"7DB9717C351FCC67753F68923211AB47","name":"NA SMC VZW STORE RAEFORD","switch":"Raleigh (MTX8)","techname":"Andujar, Lional","csr_hostnames":["RLGHNCORT1A-P-CI-0834-01"]},{"siteid":"756803","site_unid":"0CDA7A5B4B01BE0C83D9A7D0BA1F20E3","name":"NA SMC VZW STORE SKIBO 1","switch":"Raleigh (MTX8)","techname":"McDuffie, Ashley","csr_hostnames":["RLGHNCORT1A-P-CI-0803-01"]},{"siteid":"7568021","site_unid":"18FE2541E50E6FAB6BF270B02ACB078F","name":"NA SMC_SKYLAND_SHOPS_A","switch":"Raleigh (MTX8)","techname":"Cox, William","csr_hostnames":["RLGHNCORT1A-P-CI-0728-01"]},{"siteid":"7568023","site_unid":"DBB81E3B7BE690762F2D56DB3EFFF5D7","name":"NA SMC_SKYLAND_SHOPS_C","switch":"Raleigh (MTX8)","techname":"Cox, William","csr_hostnames":["RLGHNCORT1A-P-CI-0728-01"]},{"siteid":"7568026","site_unid":"AAC1FB639ADEB618532C9F63C58AA5F3","name":"NA SMC_SKYLAND_SHOPS_F","switch":"Raleigh (MTX8)","techname":"Cox, William","csr_hostnames":["RLGHNCORT1A-P-CI-0728-01"]},{"siteid":"400","site_unid":"AE2210B7E5818262CC736FE4AE178846","name":"NA PEMBROKE DOWNTOWN [ALLTEL]","switch":"Raleigh (MTX8)","techname":"Andujar, Lional","csr_hostnames":["RLGHNCORT1A-P-CI-0400-01"]},{"siteid":"155056","site_unid":"FF07D10053073CA32BF0C79841092E42","name":"NA TRAMWAY [ALLTEL REV]","switch":"RaleighA","techname":"Rhymer, Richard","csr_hostnames":["GRNRNCJBT1A-P-CI-0056-01"]},{"siteid":"155966","site_unid":"B99335E5C4D0C4DC8E08D06FAAC54E48","name":"NA TRAMWAY PCS","switch":"RaleighA","techname":"Rhymer, Richard","csr_hostnames":["GRNRNCJBT1A-P-CI-0966-01"]},{"siteid":"156687","site_unid":"8E09A560A05F5A2EE9ADAC3C5CD9DEFF","name":"NA TUCKAHOE SWAMP","switch":"Raleigh (MTX8)","techname":"Horne, John","csr_hostnames":["RLGHNCORT1A-P-CI-0687-01"]},{"siteid":"155823","site_unid":"87EFBDC8587DCFB18304D7288D631DE5","name":"NA BUNNLEVEL PCS","switch":"RaleighA","techname":"Cox, William","csr_hostnames":["GRNRNCJBT1A-P-CI-0823-01"]},{"siteid":"156738","site_unid":"979FBD5EE1684B70FCB5C82588365BFB","name":"NA BUSINESS I95","switch":"Raleigh (MTX8)","techname":"McDuffie, Ashley","csr_hostnames":["RLGHNCORT1A-P-CI-0738-01"]},{"siteid":"156669","site_unid":"A4B98C67363DBD89DE1BE32B9ED83770","name":"NA BUTLERS CROSSROADS","switch":"Raleigh (MTX8)","techname":"Horne, John","csr_hostnames":["RLGHNCORT1A-P-CI-0669-01"]},{"siteid":"156436","site_unid":"571281ECD21C7B5B8EC3E17CA816D654","name":"NA BUTNER FT BRAGG","switch":"Raleigh (MTX8)","techname":"Cox, William","csr_hostnames":["RLGHNCORT1A-P-CI-0436-01"]},{"siteid":"637","site_unid":"D4404A588EDFE3D48182B31265E53EBE","name":"NA DELWAY","switch":"Raleigh (MTX8)","techname":"Horne, John","csr_hostnames":["RLGHNCORT1A-P-CI-0637-01"]},{"siteid":"155011","site_unid":"C76D1614162835B37571BC7DB3342C50","name":"NA CAMPBELL","switch":"RaleighA","techname":"Cox, William","csr_hostnames":["GRNRNCJBT1A-P-CI-0011-01"]},{"siteid":"155801","site_unid":"676EA17E9F7FEAEE30EC0FAE22BCC58D","name":"NA VANCE","switch":"RaleighA","techname":"Horne, John","csr_hostnames":["GRNRNCJBT1A-P-CI-0801-H1"]},{"siteid":"447","site_unid":"26B79152FAC1D18C5F94E883AEA0E1D3","name":"NA WILLOW [ALLTEL REV]","switch":"RaleighA","techname":"Price, Kenthony","csr_hostnames":["GRNRNCJBT1A-P-CI-0447-01"]},{"siteid":"741","site_unid":"60F59A5CFE695AB1675199BD4A4654F0","name":"NA WOMACK","switch":"Raleigh (MTX8)","techname":"Andujar, Lional","csr_hostnames":["RLGHNCORT1A-P-CI-0741-01"]},{"siteid":"155027","site_unid":"68277DDD33C3ABB28ACB6A81919D04BB","name":"NA WOODALL","switch":"RaleighA","techname":"Price, Kenthony","csr_hostnames":["GRNRNCJBT1A-P-CI-0027-01"]},{"siteid":"155035","site_unid":"FACEC376E80792AB2D64416055B9D5BE","name":"NA DT COATS","switch":"RaleighA","techname":"Cox, William","csr_hostnames":["GRNRNCJBT1A-P-CI-0035-01"]},{"siteid":"156108","site_unid":"5A49D29D9A1B3000E9F380DD7D2A2F07","name":"NA DUART 1","switch":"Raleigh (MTX8)","techname":"McDuffie, Ashley","csr_hostnames":["RLGHNCORT1A-P-CI-0108-01"]},{"siteid":"156445","site_unid":"FBD151A962574E0504396DA0EE5012F9","name":"NA DUBLIN DAVIS PROPERTY [ALLTEL]","switch":"Raleigh (MTX8)","techname":"McDuffie, Ashley","csr_hostnames":["RLGHNCORT1A-P-CI-0445-01"]},{"siteid":"155755","site_unid":"CD02E106CD140C9CBA186E1BC1BCC634","name":"NA DUDLEY","switch":"RaleighA","techname":"Price, Kenthony","csr_hostnames":["GRNRNCJBT1A-P-CI-0755-01"]},{"siteid":"155788","site_unid":"57CFB5E99D725EAF4EC2222EDE226F80","name":"NA DUNCAN PCS","switch":"RaleighA","techname":"Cox, William","csr_hostnames":["GRNRNCJBT1A-P-CI-0788-01"]},{"siteid":"155224","site_unid":"5537411E6190C001AEF65FAA41866014","name":"NA EAGLE SPRINGS CINGULAR COLO [ALLTEL]","switch":"RaleighA","techname":"Rhymer, Richard","csr_hostnames":["GRNRNCJBT1A-P-CI-0224-01"]},{"siteid":"156253","site_unid":"2D2016AFDD53D3B137B08DA58706B834","name":"NA PITTMAN","switch":"Raleigh (MTX8)","techname":"Rhymer, Richard","csr_hostnames":["RLGHNCORT1A-P-CI-0253-01"]},{"siteid":"456881","site_unid":"1277AE9C5E3DA9DB13E110D469A0D2D4","name":"NA SMC WALMART 5489 NODE A  [PEMBROKE]","switch":"Raleigh (MTX8)","techname":"Andujar, Lional","csr_hostnames":["RLGHNCORT1A-P-CI-0881-01"]},{"siteid":"156438","site_unid":"B7ABD2ACB8008E42B68F7DBF8A6154C9","name":"NA REILLY ST","switch":"Raleigh (MTX8)","techname":"Andujar, Lional","csr_hostnames":["RLGHNCORT1A-P-CI-0438-01"]},{"siteid":"156721","site_unid":"86118CDE97C68FE4A15A219DE06A117F","name":"NA WADE","switch":"Raleigh (MTX8)","techname":"Cox, William","csr_hostnames":["RLGHNCORT1A-P-CI-0721-01"]},{"siteid":"156727","site_unid":"86D5D600D0DE8603DE9AB46CCF74A4AA","name":"NA TALLYWOOD","switch":"Raleigh (MTX8)","techname":"McDuffie, Ashley","csr_hostnames":["RLGHNCORT1A-P-CI-0727-01"]},{"siteid":"156426","site_unid":"9362D014C028FD1A5A7FF60B23072F2B","name":"NA TAR HEEL [ALLTEL REV]","switch":"Raleigh (MTX8)","techname":"McDuffie, Ashley","csr_hostnames":["RLGHNCORT1A-P-CI-0426-01"]},{"siteid":"156019","site_unid":"6F08D463CAD898E0423CFE4B47D80636","name":"NA WADE [ALLTEL]","switch":"Raleigh (MTX8)","techname":"Horne, John","csr_hostnames":["RLGHNCORT1A-P-CI-0019-01"]},{"siteid":"156016","site_unid":"0838FE2AF5AC2C3E59CF9A878560B09B","name":"NA WALLACE [ALLTEL]","switch":"Raleigh (MTX8)","techname":"Horne, John","csr_hostnames":["RLGHNCORT1A-P-CI-0016-01"]},{"siteid":"156673","site_unid":"882D3DDFAF21177AABE84425D7E2E886","name":"NA WARSAW","switch":"Raleigh (MTX8)","techname":"Horne, John","csr_hostnames":["RLGHNCORT1A-P-CI-0673-01"]},{"siteid":"156314","site_unid":"35BC35CC3ACBA342007D9B393F9F779E","name":"NA WARSAW [ALLTEL REV]","switch":"Raleigh (MTX8)","techname":"Horne, John","csr_hostnames":["RLGHNCORT1A-P-CI-0314-01"]},{"siteid":"156798","site_unid":"51EFB41B21514F377A8A00B5AAF6A786","name":"NA WAYSIDE PCS","switch":"Raleigh (MTX8)","techname":"Rhymer, Richard","csr_hostnames":["RLGHNCORT1A-P-CI-0798-01"]},{"siteid":"156331","site_unid":"8BEB6421E59968D8161C6FD1A8505C5D","name":"NA BEULAVILLE [ALLTEL]","switch":"Raleigh (MTX8)","techname":"Horne, John","csr_hostnames":["RLGHNCORT1A-P-CI-0331-01"]},{"siteid":"155284","site_unid":"F0DC3C633F6A302F587A17083D2FC4AA","name":"NA BEAVER_SWAMP","switch":"RaleighA","techname":"Price, Kenthony","csr_hostnames":["GRNRNCJBT1A-P-CI-0284-S1"]},{"siteid":"507","site_unid":"3DFB70B66905914A2CBE16202075A593","name":"NA BIGGS","switch":"Raleigh (MTX8)","techname":"Andujar, Lional","csr_hostnames":["RLGHNCORT1A-P-CI-0507-01"]},{"siteid":"156428","site_unid":"45CE5E858E20CE0BF72A4BE7264D5D77","name":"NA BLADENBORO [ALLTEL]","switch":"Raleigh (MTX8)","techname":"McDuffie, Ashley","csr_hostnames":["RLGHNCORT1A-P-CI-0428-01"]},{"siteid":"156145","site_unid":"292F87A501C84BA03DCC10A8336CCA7F","name":"NA PHILLIPI CHURCH","switch":"Raleigh (MTX8)","techname":"Andujar, Lional","csr_hostnames":["RLGHNCORT1A-P-CI-0145-01"]},{"siteid":"766","site_unid":"6200A68F37A07C97CA028094909EB96A","name":"NA PIKEVILLE CAROLINAS","switch":"RaleighA","techname":"Price, Kenthony","csr_hostnames":["GRNRNCJBT1A-P-CI-0766-01"]},{"siteid":"155219","site_unid":"F5A3CA88B1B4DA523C486E993142111F","name":"NA PINE BLUFF CINGULAR COLO [ALLTEL REV]","switch":"RaleighA","techname":"Rhymer, Richard","csr_hostnames":["GRNRNCJBT1A-P-CI-0219-01"]},{"siteid":"156453","site_unid":"753B5D7BD7D6319648B8C82402993E48","name":"NA EUREKA [ALLTEL]","switch":"Raleigh (MTX8)","techname":"Cox, William","csr_hostnames":["RLGHNCORT1A-P-CI-0453-01"]},{"siteid":"156439","site_unid":"181F71D26552E8AD297B71317F63D6CC","name":"NA LEGION RD FAY","switch":"Raleigh (MTX8)","techname":"McDuffie, Ashley","csr_hostnames":["RLGHNCORT1A-P-CI-0439-01"]},{"siteid":"897","site_unid":"591F84EB5EF93381110846CD7B8B0872","name":"NA LILLINGTON","switch":"RaleighA","techname":"Cox, William","csr_hostnames":["GRNRNCJBT1A-P-CI-0897-01"]},{"siteid":"155042","site_unid":"971F20E6F86112AEF4EB146E36183A95","name":"NA LILLINGTON DOWNTOWN [ALLTEL]","switch":"RaleighA","techname":"Cox, William","csr_hostnames":["GRNRNCJBT1A-P-CI-0042-01"]},{"siteid":"638","site_unid":"A1943D651763D406082CC8C8BD146B56","name":"NA TAYLORS BRIDGE","switch":"Raleigh (MTX8)","techname":"Horne, John","csr_hostnames":["RLGHNCORT1A-P-CI-0638-01"]},{"siteid":"155212","site_unid":"3604F4F0602F3BCE8456ACBA15BE8F8E","name":"NA PINEHURST [ALLTEL]","switch":"RaleighA","techname":"Rhymer, Richard","csr_hostnames":["GRNRNCJBT1A-P-CI-0212-01"]},{"siteid":"155986","site_unid":"BE8C7EFDBD4FD88D2EB3B0B89AB4E95D","name":"NA PINEHURST PCS","switch":"RaleighA","techname":"Rhymer, Richard","csr_hostnames":["GRNRNCJBT1A-P-CI-0986-01"]},{"siteid":"155030","site_unid":"217F52430F9155354A1EB3F32BF0B07F","name":"NA BAGLEY","switch":"RaleighA","techname":"Price, Kenthony","csr_hostnames":["GRNRNCJBT1A-P-CI-0030-01"]},{"siteid":"155793","site_unid":"D15F65580BA023B215C1C8C481856253","name":"NA BARCLAYSVILLE PCS","switch":"RaleighA","techname":"Cox, William","csr_hostnames":["GRNRNCJBT1A-P-CI-0793-S1"]},{"siteid":"13","site_unid":"59CDFECEDD992FA28D5C7B660401AABE","name":"NA SAULSTON [CROWN] [ALLTEL REV]","switch":"RaleighA","techname":"Price, Kenthony","csr_hostnames":["GRNRNCJBT1A-P-CI-0013-01"]},{"siteid":"765","site_unid":"D36B2B0472C12A102838FB916AEB508A","name":"NA BELFAST","switch":"RaleighA","techname":"Price, Kenthony","csr_hostnames":["GRNRNCJBT1A-P-CI-0765-01"]},{"siteid":"155804","site_unid":"0C321938556DA5968D39450DF40BCC79","name":"NA BENSON","switch":"RaleighA","techname":"Price, Kenthony","csr_hostnames":["GRNRNCJBT1A-P-CI-0804-01"]},{"siteid":"156732","site_unid":"D16379DF0A183FD03B179A961767BB2D","name":"NA PAMALEE","switch":"Raleigh (MTX8)","techname":"McDuffie, Ashley","csr_hostnames":["RLGHNCORT1A-P-CI-0732-01"]},{"siteid":"156136","site_unid":"E41C576A31610B01BD58E7388A7FBC3B","name":"NA RENNERT","switch":"Raleigh (MTX8)","techname":"Andujar, Lional","csr_hostnames":["RLGHNCORT1A-P-CI-0136-01"]},{"siteid":"636","site_unid":"8F36958E501532BC5D85D49266A3BFE9","name":"NA COOPER","switch":"Raleigh (MTX8)","techname":"Horne, John","csr_hostnames":["RLGHNCORT1A-P-CI-0636-01"]},{"siteid":"505","site_unid":"0FF0FE2472D3C79A5F891588D9428543","name":"NA PATES","switch":"Raleigh (MTX8)","techname":"Andujar, Lional","csr_hostnames":["RLGHNCORT1A-P-CI-0505-01"]},{"siteid":"515","site_unid":"A0CD580462ABD87C67FF3C1674B16D5C","name":"NA PATETOWN","switch":"RaleighA","techname":"Price, Kenthony","csr_hostnames":["GRNRNCJBT1A-P-CI-0515-01"]},{"siteid":"156516","site_unid":"EF900BAE9DF8EDC6245D1DF936F5F421","name":"NA CLINTON [ALLTEL]","switch":"Raleigh (MTX8)","techname":"Horne, John","csr_hostnames":["RLGHNCORT1A-P-CI-0516-01"]},{"siteid":"312","site_unid":"623EF7DD24E6BDD214B0EC29131F9175","name":"NA CLINTON DOWNTOWN [ALLTEL]","switch":"Raleigh (MTX8)","techname":"Horne, John","csr_hostnames":["RLGHNCORT1A-P-CI-0312-01"]},{"siteid":"639","site_unid":"2787610D491062B72DBB8DE4D542ED44","name":"NA CLINTON ENC","switch":"Raleigh (MTX8)","techname":"Horne, John","csr_hostnames":["RLGHNCORT1A-P-CI-0639-01"]},{"siteid":"155827","site_unid":"D59A17A26123AB1604368503AE1E69FA","name":"NA COATS PCS","switch":"RaleighA","techname":"Cox, William","csr_hostnames":["GRNRNCJBT1A-P-CI-0827-01"]},{"siteid":"155521","site_unid":"BA50CA346E4C80DD50C295AA7517604C","name":"NA PEACOCK","switch":"RaleighA","techname":"Price, Kenthony","csr_hostnames":["GRNRNCJBT1A-P-CI-0521-01"]},{"siteid":"751","site_unid":"1D82E978522C2117E5768FCC77AE5F15","name":"NA PELLOWS","switch":"RaleighA","techname":"Price, Kenthony","csr_hostnames":["GRNRNCJBT1A-P-CI-0751-01"]},{"siteid":"0","site_unid":"82CA62C718756715936BE4975D024F76","name":"IBR:  MOORE REGIONAL REPEATER 850","switch":"RaleighA","techname":"Rhymer, Richard","csr_hostnames":["GRNRNCJBT1A-P-CI-0520-01"]},{"siteid":"156415","site_unid":"C6B4A2FA74C418D927622883B592C1E8","name":"NA 401 BYPASS [ALLTEL REV]","switch":"Raleigh (MTX8)","techname":"McDuffie, Ashley","csr_hostnames":["RLGHNCORT1A-P-CI-0415-01"]},{"siteid":"155564","site_unid":"84FB8BF624E871EE0B5DEDE1BAAB003E","name":"NA ABERDEEN","switch":"RaleighA","techname":"Rhymer, Richard","csr_hostnames":["GRNRNCJBT1A-P-CI-0564-01"]},{"siteid":"155215","site_unid":"78925A1024DE0AF685749DA0AEB08995","name":"NA ABERDEEN [ALLTEL]","switch":"RaleighA","techname":"Rhymer, Richard","csr_hostnames":["GRNRNCJBT1A-P-CI-0215-01"]},{"siteid":"155760","site_unid":"6880E6C9E92131EF3E67C5E03DDDA950","name":"NA ADAMSVILLE","switch":"RaleighA","techname":"Price, Kenthony","csr_hostnames":["GRNRNCJBT1A-P-CI-0760-01"]},{"siteid":"156424","site_unid":"9DA99F9881D58A97CBD6B5A15A12AD9C","name":"NA ST PAULS [ALLTEL REV]","switch":"Raleigh (MTX8)","techname":"Andujar, Lional","csr_hostnames":["RLGHNCORT1A-P-CI-0424-01"]},{"siteid":"156744","site_unid":"C15E286072DEB20918028A1E99C910B9","name":"NA POPE AFB","switch":"Raleigh (MTX8)","techname":"Cox, William","csr_hostnames":["RLGHNCORT1A-P-CI-0744-01"]},{"siteid":"156364","site_unid":"998A95062DA0F508FDA79924CA293D89","name":"NA POPE AIR BASE [ALLTEL REV]","switch":"Raleigh (MTX8)","techname":"Rhymer, Richard","csr_hostnames":["RLGHNCORT1A-P-CI-0364-01"]},{"siteid":"155229","site_unid":"C325A15AC342C4E2ABC7ED7976225CDD","name":"NA PRINCETON [ALLTEL]","switch":"RaleighA","techname":"Price, Kenthony","csr_hostnames":["GRNRNCJBT1A-P-CI-0229-01"]},{"siteid":"739","site_unid":"7E4CFBC1950D04BA7F5B634DE1EFD487","name":"NA RAEFORD ROAD","switch":"Raleigh (MTX8)","techname":"Andujar, Lional","csr_hostnames":["RLGHNCORT1A-P-CI-0739-01"]},{"siteid":"156504","site_unid":"6493D592DED76BEC91F4A0D1425366F9","name":"NA RAEMON","switch":"Raleigh (MTX8)","techname":"Andujar, Lional","csr_hostnames":["RLGHNCORT1A-P-CI-0504-01"]},{"siteid":"156726","site_unid":"25165B445ACB549AB000345DE6E296BC","name":"NA RAMSEY","switch":"Raleigh (MTX8)","techname":"McDuffie, Ashley","csr_hostnames":["RLGHNCORT1A-P-CI-0726-01"]},{"siteid":"156995","site_unid":"58B9D91A12C77074244D89C81FC13AEC","name":"NA COW CAROLINA CC MALL - A","switch":"Raleigh (MTX8)","techname":"McDuffie, Ashley","csr_hostnames":[null]},{"siteid":"156276","site_unid":"733597F7D95511D12630E7C402357601","name":"NA LILY","switch":"Raleigh (MTX8)","techname":"Cox, William","csr_hostnames":["RLGHNCORT1A-P-CI-0276-01"]},{"siteid":"156640","site_unid":"0CD4900D9B2989A9B299EE70FCADFFAE","name":"NA FEED MILL","switch":"Raleigh (MTX8)","techname":"Horne, John","csr_hostnames":["RLGHNCORT1A-P-CI-0640-01"]},{"siteid":"156241","site_unid":"EB5453E351D25B958D17EC0EB0D49353","name":"NA CHICKENFOOT","switch":"Raleigh (MTX8)","techname":"Andujar, Lional","csr_hostnames":["RLGHNCORT1A-P-CI-0241-01"]},{"siteid":"156278","site_unid":"7681B4C930F46A7215A09FBFBA08447D","name":"NA SINGLETARY","switch":"Raleigh (MTX8)","techname":"McDuffie, Ashley","csr_hostnames":["RLGHNCORT1A-P-CI-0278-01"]},{"siteid":"155283","site_unid":"2E3ADCAF385A99649C9C676E61A15E1C","name":"NA BIZZELL GROVE","switch":"RaleighA","techname":"Price, Kenthony","csr_hostnames":["GRNRNCJBT1A-P-CI-0283-01"]},{"siteid":"155393","site_unid":"F20A9C8C1BF2F28B1ECC3E3C3ECB64DF","name":"NA SANFORD SOUTH [ALLTEL REV]","switch":"RaleighA","techname":"Rhymer, Richard","csr_hostnames":["GRNRNCJBT1A-P-CI-0393-01"]},{"siteid":"156422","site_unid":"281563A66FEB32B6B02771C00E3D2B23","name":"NA SKIBO [ALLTEL REV]","switch":"Raleigh (MTX8)","techname":"Andujar, Lional","csr_hostnames":["RLGHNCORT1A-P-CI-0422-01"]},{"siteid":"155222","site_unid":"0DED1720F79E0EFFFBC1AA3DE89B81F1","name":"NA SKYLINE [ALLTEL]","switch":"RaleighA","techname":"Rhymer, Richard","csr_hostnames":["GRNRNCJBT1A-P-CI-0222-01"]},{"siteid":"155136","site_unid":"97D589646632C1FC8CBD82B731170E81","name":"NA SLEEPY CREEK","switch":"RaleighA","techname":"Price, Kenthony","csr_hostnames":["GRNRNCJBT1A-P-CI-0136-01"]},{"siteid":"756859","site_unid":"3A030BFF1DA0CF5476A7519B594504EC","name":"NA SMC CAPE FEAR VALLEY NODE A H727","switch":"Raleigh (MTX8)","techname":"McDuffie, Ashley","csr_hostnames":["RLGHNCORT1A-P-CI-0727-01"]},{"siteid":"7568592","site_unid":"799F90B8C9EA186E3099F614D0BA7240","name":"NA SMC CAPE FEAR VALLEY NODE B H727","switch":"Raleigh (MTX8)","techname":"McDuffie, Ashley","csr_hostnames":["RLGHNCORT1A-P-CI-0727-01"]},{"siteid":"7568593","site_unid":"1B7214FC704CF5D0A827F98F9B8CC706","name":"NA SMC CAPE FEAR VALLEY NODE C H727","switch":"Raleigh (MTX8)","techname":"McDuffie, Ashley","csr_hostnames":["RLGHNCORT1A-P-CI-0727-01"]},{"siteid":"7568594","site_unid":"0B1A9447B7DFA0CFD365D3B040631280","name":"NA SMC CAPE FEAR VALLEY NODE D H727","switch":"Raleigh (MTX8)","techname":"McDuffie, Ashley","csr_hostnames":["RLGHNCORT1A-P-CI-0727-01"]},{"siteid":"756835","site_unid":"B1588E21DB0264D0284270274F39B2FA","name":"NA SMC CAPE FEAR VALLEY NODE E H727","switch":"Raleigh (MTX8)","techname":"McDuffie, Ashley","csr_hostnames":["RLGHNCORT1A-P-CI-0727-01"]},{"siteid":"7568356","site_unid":"CAB4B229B033387B541DDE496E40460E","name":"NA SMC CAPE FEAR VALLEY NODE F H727","switch":"Raleigh (MTX8)","techname":"McDuffie, Ashley","csr_hostnames":["RLGHNCORT1A-P-CI-0727-01"]},{"siteid":"7568357","site_unid":"54AA9CFFD62219AE80F9E31D4610C62A","name":"NA SMC CAPE FEAR VALLEY NODE G H727","switch":"Raleigh (MTX8)","techname":"McDuffie, Ashley","csr_hostnames":["RLGHNCORT1A-P-CI-0727-01"]},{"siteid":"7568598","site_unid":"2FACF0BF209B4015B408B7A70D43568E","name":"NA SMC CAPE FEAR VALLEY NODE H H727","switch":"Raleigh (MTX8)","techname":"McDuffie, Ashley","csr_hostnames":["RLGHNCORT1A-P-CI-0727-01"]},{"siteid":"156643","site_unid":"176E9EB426D341A8B77C6F0A96E2A415","name":"NA KENANSVILLE","switch":"Raleigh (MTX8)","techname":"Horne, John","csr_hostnames":["RLGHNCORT1A-P-CI-0643-01"]},{"siteid":"156333","site_unid":"473756783BEFEF55F7679D632268DB40","name":"NA KENANSVILLE [ALLTEL REV]","switch":"Raleigh (MTX8)","techname":"Horne, John","csr_hostnames":["RLGHNCORT1A-P-CI-0333-01"]},{"siteid":"156723","site_unid":"CDFFC3308862B7C4A9B54C0014A952C3","name":"NA FORT BRAGG","switch":"Raleigh (MTX8)","techname":"Andujar, Lional","csr_hostnames":["RLGHNCORT1A-P-CI-0723-01"]},{"siteid":"456800","site_unid":"B2C4E467992B5F038F7EB1FC27D0FF50","name":"NA SMC VANSTORY HILLS NODE C","switch":"Raleigh (MTX8)","techname":"McDuffie, Ashley","csr_hostnames":["RLGHNCORT1A-P-CI-0480-01"]},{"siteid":"4568001","site_unid":"B2DBEEE20294079386BF34369838A617","name":"NA SMC VANSTORY HILLS NODE G","switch":"Raleigh (MTX8)","techname":"McDuffie, Ashley","csr_hostnames":["RLGHNCORT1A-P-CI-0480-01"]},{"siteid":"456946","site_unid":"5A81AA067117F5036A51C9DE284D94B1","name":"NA SMC WALMART 2929 NODE A [HOPE MILLS]","switch":"Raleigh (MTX8)","techname":"Andujar, Lional","csr_hostnames":["RLGHNCORT1A-P-CI-0946-01"]},{"siteid":"456996","site_unid":"4ECC09495E2576AA915CBEE88913D925","name":"NA SMC_WALMART_8218_NODE_A [SAMS]","switch":"Raleigh (MTX8)","techname":"McDuffie, Ashley","csr_hostnames":["RLGHNCORT1A-P-CI-0415-01"]},{"siteid":"455853","site_unid":"7B1342C11907B75EDDD50AC5CF018E98","name":"NA SMC CENTER PARK NODE A","switch":"RaleighA","techname":"Rhymer, Richard","csr_hostnames":["GRNRNCJBT1A-P-CI-0564-01"]},{"siteid":"4558533","site_unid":"6BCCB7D8768B47292344CA320A6E1CED","name":"NA SMC CENTER PARK NODE B","switch":"RaleighA","techname":"Rhymer, Richard","csr_hostnames":["GRNRNCJBT1A-P-CI-0564-01"]},{"siteid":"4558532","site_unid":"2A4DAE7ECCAFD53E6A2A5F01396F7EBB","name":"NA SMC CENTER PARK NODE D","switch":"RaleighA","techname":"Rhymer, Richard","csr_hostnames":["GRNRNCJBT1A-P-CI-0564-01"]},{"siteid":"455854","site_unid":"002CCDD68D3BBB26BB43EFD7C91D82E1","name":"NA SMC CENTER PARK NODE F","switch":"RaleighA","techname":"Rhymer, Richard","csr_hostnames":["GRNRNCJBT1A-P-CI-0564-01"]},{"siteid":"155242","site_unid":"B009D118D0CE9E5A72D7F56B4CE09D71","name":"NA MICRO","switch":"RaleighA","techname":"Price, Kenthony","csr_hostnames":["GRNRNCJBT1A-P-CI-0242-01"]},{"siteid":"719","site_unid":"E8E75476ED78B58E57B30B24FF0F790F","name":"NA MORRIS STORE PCS","switch":"RaleighA","techname":"Cox, William","csr_hostnames":["GRNRNCJBT1A-P-CI-0719-01"]},{"siteid":"667","site_unid":"EC442C698575F72160CF4A5668FDD67B","name":"NA MOUNT OLIVE","switch":"Raleigh (MTX8)","techname":"Price, Kenthony","csr_hostnames":["RLGHNCORT1A-P-CI-0667-01"]},{"siteid":"156663","site_unid":"FC58BFC86F1D63924E61B68B4C404E35","name":"NA SHINE","switch":"Raleigh (MTX8)","techname":"Price, Kenthony","csr_hostnames":["RLGHNCORT1A-P-CI-0663-01"]},{"siteid":"156745","site_unid":"68243D48B00C0211826FB88927E44B6B","name":"NA WEST CLIFFDALE","switch":"Raleigh (MTX8)","techname":"Andujar, Lional","csr_hostnames":["RLGHNCORT1A-P-CI-0745-01"]},{"siteid":"155378","site_unid":"4FECC06800ACD0527C5A92EDF2FCB1D1","name":"NA WEST DUNN [ALLTEL]","switch":"RaleighA","techname":"Cox, William","csr_hostnames":["GRNRNCJBT1A-P-CI-0378-S1"]},{"siteid":"155214","site_unid":"91CA67630B08FA9B5F766AED34548A95","name":"NA WEST END [ALLTEL REV]","switch":"RaleighA","techname":"Rhymer, Richard","csr_hostnames":["GRNRNCJBT1A-P-CI-0214-01"]},{"siteid":"156502","site_unid":"006E5ACFCF5E5DBD78BC2F50D1BC0DFD","name":"NA WEST LUMBERTON","switch":"Raleigh (MTX8)","techname":"McDuffie, Ashley","csr_hostnames":["RLGHNCORT1A-P-CI-0502-01"]},{"siteid":"156111","site_unid":"1EB3DEE113EAADDA9603BA8850F9A7AF","name":"NA WESTOVER FY","switch":"Raleigh (MTX8)","techname":"Andujar, Lional","csr_hostnames":["RLGHNCORT1A-P-CI-0111-01"]},{"siteid":"155217","site_unid":"1ACA5FE1C839719E00DE6E6B92BDCBE8","name":"NA WHISPERING PINES [ALLTEL REV]","switch":"RaleighA","techname":"Rhymer, Richard","csr_hostnames":["GRNRNCJBT1A-P-CI-0217-01"]},{"siteid":"156442","site_unid":"C2E367F13F26BB4AE033C3F9AD7DBF4B","name":"NA WHITE LAKE [ALLTEL REV]","switch":"Raleigh (MTX8)","techname":"McDuffie, Ashley","csr_hostnames":["RLGHNCORT1A-P-CI-0442-01"]},{"siteid":"408","site_unid":"F064E3C13DA78C43560C9CBAE10BBBD3","name":"NA WHITE OAK [ALLTEL]","switch":"Raleigh (MTX8)","techname":"Horne, John","csr_hostnames":["RLGHNCORT1A-P-CI-0408-01"]},{"siteid":"156713","site_unid":"5DA4E453248D3CBAE847A8CD6BC238BD","name":"NA SADDLETREE [ALLTEL REV]","switch":"Raleigh (MTX8)","techname":"Andujar, Lional","csr_hostnames":["RLGHNCORT1A-P-CI-0713-01"]},{"siteid":"155211","site_unid":"02B4C988D9A2D5A794054C5BDE6BD1A5","name":"NA SOUTHERN PINES [ALLTEL]","switch":"RaleighA","techname":"Rhymer, Richard","csr_hostnames":["GRNRNCJBT1A-P-CI-0211-01"]},{"siteid":"156509","site_unid":"5FA3BA61CE74BDE0AB2B4EC1D1365945","name":"NA FORT BRAGG [ALLTEL]","switch":"Raleigh (MTX8)","techname":"Andujar, Lional","csr_hostnames":["RLGHNCORT1A-P-CI-0509-01"]},{"siteid":"156099","site_unid":"6BB2151118DDBEB136949BF5488ACADF","name":"NA FORT BRAGG NORTH [ALLTEL] RELO","switch":"Raleigh (MTX8)","techname":"Cox, William","csr_hostnames":["RLGHNCORT1A-P-CI-0099-01"]},{"siteid":"155973","site_unid":"5FF6191BCF118292F1909E6F3550C0AF","name":"NA BUCK SWAMP","switch":"RaleighA","techname":"Price, Kenthony","csr_hostnames":["GRNRNCJBT1A-P-CI-0973-01"]},{"siteid":"155102","site_unid":"87E3EDD83C6C165E8B8AE586A815A4BD","name":"NA STRICKLAND XRDS NC","switch":"RaleighA","techname":"Price, Kenthony","csr_hostnames":["GRNRNCJBT1A-P-CI-0102-01"]},{"siteid":"155833","site_unid":"5216D89D1F4E5F9BF303DAB1AABEA6FA","name":"NA SEVEN SPRINGS","switch":"RaleighA","techname":"Price, Kenthony","csr_hostnames":["GRNRNCJBT1A-P-CI-0833-01"]},{"siteid":"156166","site_unid":"6271752FAAB4BD84CA6001272ECDFA02","name":"NA BUCKHEAD","switch":"Raleigh (MTX8)","techname":"Andujar, Lional","csr_hostnames":["RLGHNCORT1A-P-CI-0166-01"]},{"siteid":"156292","site_unid":"DB29CB01AE40B1851397F8840CF67732","name":"NA ELKTON","switch":"Raleigh (MTX8)","techname":"McDuffie, Ashley","csr_hostnames":["RLGHNCORT1A-P-CI-0292-01"]},{"siteid":"156114","site_unid":"83066703BAB30EE275189D9FE69F5169","name":"NA PARKTON","switch":"Raleigh (MTX8)","techname":"Andujar, Lional","csr_hostnames":["RLGHNCORT1A-P-CI-0114-01"]},{"siteid":"156141","site_unid":"9E8F7FA1EE07FB704B780E51563D4135","name":"NA SALEMBURG","switch":"Raleigh (MTX8)","techname":"Horne, John","csr_hostnames":["RLGHNCORT1A-P-CI-0141-01"]},{"siteid":"756787","site_unid":"1D123D96BEEB21A5B11FC7C36C5AF5B4","name":"NA SMC CROSS CREEK MALL NODE A - A","switch":"Raleigh (MTX8)","techname":"McDuffie, Ashley","csr_hostnames":["RLGHNCORT1A-P-CI-0787-01"]},{"siteid":"156520","site_unid":"9E68E4B0615ED99065EDDB745515637C","name":"NA DOWNTOWN BLADENBORO [ALLTEL]","switch":"Raleigh (MTX8)","techname":"McDuffie, Ashley","csr_hostnames":["RLGHNCORT1A-P-CI-0520-01"]},{"siteid":"156724","site_unid":"BFC16E35952ADCEDDA6272673B07C5C0","name":"NA DOWNTOWN FAYETTEVILLE","switch":"Raleigh (MTX8)","techname":"Horne, John","csr_hostnames":["RLGHNCORT1A-P-CI-0724-01"]},{"siteid":"156512","site_unid":"AB1D92071AF24FF2B12C813026ED07E0","name":"NA DOWNTOWN MAXTON","switch":"Raleigh (MTX8)","techname":"Andujar, Lional","csr_hostnames":["RLGHNCORT1A-P-CI-0512-01"]},{"siteid":"155546","site_unid":"06DCB7CFFFDE3F5D4ED1C1970F599524","name":"NA DOWNTOWN MOUNT OLIVE","switch":"RaleighA","techname":"Price, Kenthony","csr_hostnames":["GRNRNCJBT1A-P-CI-0546-01"]},{"siteid":"155811","site_unid":"1F9DA21F5AD1C0CCB50435E4024CE16F","name":"NA SMITHFIELD","switch":"RaleighA","techname":"Price, Kenthony","csr_hostnames":["GRNRNCJBT1A-P-CI-0811-01"]},{"siteid":"156511","site_unid":"0BFA2EF7485DE9AC6A820CFD3D51A314","name":"NA FAIRMONT [ALLTEL]","switch":"Raleigh (MTX8)","techname":"McDuffie, Ashley","csr_hostnames":["RLGHNCORT1A-P-CI-0511-01"]},{"siteid":"156525","site_unid":"70A65428D7C84B2F25A7CD70CB2A77B1","name":"NA FAIRMONT RAL2","switch":"Raleigh (MTX8)","techname":"McDuffie, Ashley","csr_hostnames":["RLGHNCORT1A-P-CI-0525-01"]},{"siteid":"156674","site_unid":"AB751B6277C9141D496486F24DD8AC19","name":"NA FAISON","switch":"Raleigh (MTX8)","techname":"Horne, John","csr_hostnames":["RLGHNCORT1A-P-CI-0674-01"]},{"siteid":"155997","site_unid":"20431E53C8D2A5D50562C6C26653A83B","name":"NA DOWNTOWN SANFORD PCS","switch":"RaleighA","techname":"Rhymer, Richard","csr_hostnames":["GRNRNCJBT1A-P-CI-0997-H1"]},{"siteid":"155076","site_unid":"4FE8FD0679E79BD460032132E317139E","name":"NA JOHNSON_HOSPITAL","switch":"RaleighA","techname":"Cox, William","csr_hostnames":["GRNRNCJBT1A-P-CI-0076-01"]},{"siteid":"155896","site_unid":"7A62DA1FDB01D1AFC8B4C0E4C19A772A","name":"NA JUNIPER ROAD PCS","switch":"RaleighA","techname":"Rhymer, Richard","csr_hostnames":["GRNRNCJBT1A-P-CI-0896-01"]},{"siteid":"156729","site_unid":"A589AEE7EE99EDB9851E2DD80203A4C4","name":"NA KELLY CAROLINAS","switch":"Raleigh (MTX8)","techname":"Cox, William","csr_hostnames":["RLGHNCORT1A-P-CI-0729-01"]},{"siteid":"6","site_unid":"7170BC5F64F764CF93DB85E64A584E2F","name":"NA SAND HILL ATC COLO [ALLTEL]","switch":"RaleighA","techname":"Price, Kenthony","csr_hostnames":["GRNRNCJBT1A-P-CI-0006-01"]},{"siteid":"155225","site_unid":"7F00A9E868CE85C4A159659F690085D7","name":"NA SAND HILLS [ALLTEL REV]","switch":"RaleighA","techname":"Rhymer, Richard","csr_hostnames":["GRNRNCJBT1A-P-CI-0225-01"]},{"siteid":"156730","site_unid":"516E734AD853CD77C0D3D337F39366D1","name":"NA SANTA FE","switch":"Raleigh (MTX8)","techname":"Andujar, Lional","csr_hostnames":["RLGHNCORT1A-P-CI-0730-01"]},{"siteid":"156810","site_unid":"356700561C6C4247D135A4A5D5ACC153","name":"INB WOMACK MEDICAL CENTER NODE","switch":"Raleigh (MTX8)","techname":"Cox, William","csr_hostnames":["RLGHNCORT1A-P-CI-0810-01"]},{"siteid":"156796","site_unid":"D59980DC375741EAA5FACF680E4C203D","name":"NA BOWMORE PCS","switch":"Raleigh (MTX8)","techname":"Rhymer, Richard","csr_hostnames":["RLGHNCORT1A-P-CI-0796-01"]},{"siteid":"795","site_unid":"0FDE4AD3613C66A63A439C92D423436B","name":"NA BRINKLEY HILL","switch":"RaleighA","techname":"Cox, William","csr_hostnames":["GRNRNCJBT1A-P-CI-0795-01"]},{"siteid":"155844","site_unid":"A8E3E1A09493B63ED2520F59F6C82BF1","name":"NA SEMINOLE","switch":"RaleighA","techname":"Cox, William","csr_hostnames":["GRNRNCJBT1A-P-CI-0844-S1"]},{"siteid":"156742","site_unid":"844DD8D6D2468A07D39AD818E7CD72C5","name":"NA SEVENTY FIRST (ALLTEL","switch":"Raleigh (MTX8)","techname":"Andujar, Lional","csr_hostnames":["RLGHNCORT1A-P-CI-0742-01"]},{"siteid":"155713","site_unid":"DF3EB0CEEC06D6E6E3B99196173B5405","name":"NA SEYMOUR JOHNSON","switch":"RaleighA","techname":"Price, Kenthony","csr_hostnames":["GRNRNCJBT1A-P-CI-0713-01"]},{"siteid":"156440","site_unid":"19A26410BF999463241E2D4BCBBBA11C","name":"NA BROWN [ALLTEL]","switch":"Raleigh (MTX8)","techname":"Rhymer, Richard","csr_hostnames":["RLGHNCORT1A-P-CI-0440-01"]},{"siteid":"757","site_unid":"3889A8DB54081F41173B57B16B18A9BB","name":"NA STARLIGHT","switch":"RaleighA","techname":"Price, Kenthony","csr_hostnames":["GRNRNCJBT1A-P-CI-0757-S1"]},{"siteid":"0","site_unid":"1DF1D1FB42D06595159A0EADCF3DDE6E","name":"IBR: NA CAPE FEAR MEDICAL","switch":"Raleigh (MTX8)","techname":"McDuffie, Ashley","csr_hostnames":[]},{"siteid":"0","site_unid":"30E077A1A253795F85B0378ABD96D2F4","name":"IBR: NA RAEFORD RD STORE","switch":"Raleigh (MTX8)","techname":"Andujar, Lional","csr_hostnames":[]},{"siteid":"156944","site_unid":"FE66D9631EFBC9E03C373C8EFEDF508D","name":"INB_VIRTUAL_COLLEGE_CENTER_NODE_A - A","switch":"Raleigh (MTX8)","techname":"McDuffie, Ashley","csr_hostnames":[]},{"siteid":"156263","site_unid":"A78FC0F2F261F6EBD4F6B131EF00B2E5","name":"JACKSON_SWAMP - A","switch":"Raleigh (MTX8)","techname":"McDuffie, Ashley","csr_hostnames":[]},{"siteid":"0","site_unid":"A2EFA5BEAD65473763AAA3EBB53E1C1B","name":"NA BORDEAUX (BLDG AND TOWER - No Lights)","switch":"Raleigh (MTX8)","techname":"McDuffie, Ashley","csr_hostnames":[]},{"siteid":"0","site_unid":"30241F5480C1F91A2CB53DD68D5A7EB6","name":"NA CEDAR CREEK(ALLTEL) [TOWER ONLY]","switch":"Raleigh (MTX8)","techname":"McDuffie, Ashley","csr_hostnames":[]},{"siteid":"317","site_unid":"ACE7F56FF2CF07555DDDC0906E97F17A","name":"NA ELROD (Alltel) [Tower Only]","switch":"Raleigh (MTX8)","techname":"Andujar, Lional","csr_hostnames":[]},{"siteid":"0","site_unid":"25B11FB0FFA54EE55B93AB835C534D4E","name":"NA FORT BRAGG NORTH [ALLTEL]","switch":"Raleigh (MTX8)","techname":"Cox, William","csr_hostnames":[]},{"siteid":"0","site_unid":"B77F6547D22886BEF059BCDF8AE308CC","name":"NA ORRUM (Alltel) [Tower Only]","switch":"Raleigh (MTX8)","techname":"McDuffie, Ashley","csr_hostnames":[]},{"siteid":"0","site_unid":"55602D1F301FA2173C6DBB1D2C05E467","name":"NA PINE KNOLL TOWER AND BLDG ONLY","switch":"Raleigh (MTX8)","techname":"Andujar, Lional","csr_hostnames":[]},{"siteid":"0","site_unid":"D0FD2C35FBA44473E103749094943D75","name":"NA RAEFORD (Alltel) [Tower Only]","switch":"Raleigh (MTX8)","techname":"Rhymer, Richard","csr_hostnames":[]},{"siteid":"0","site_unid":"C3FC516016ED24C093595C844A85EEA8","name":"NA SPRING LAKE ALLTEL [TOWER PLUS BLDG]","switch":"Raleigh (MTX8)","techname":"Cox, William","csr_hostnames":[]},{"siteid":"0","site_unid":"5519325094899D54CFFD01F5AAAC434D","name":"NA STEDMAN ALLTEL [TOWER BLDG HVAC ONLY]","switch":"Raleigh (MTX8)","techname":"Horne, John","csr_hostnames":[]},{"siteid":"0","site_unid":"B7C3F63749FD1AC9266D521CFB223228","name":"NA TAYLORS BRIDGE [ALLTEL REV] [TOWER ONLY]","switch":"Raleigh (MTX8)","techname":"Horne, John","csr_hostnames":[]},{"siteid":"156781","site_unid":"132BFBEA966BCBDC1C41809C01F5501E","name":"RAYNHAM RD - Locklear","switch":"Raleigh (MTX8)","techname":"McDuffie, Ashley","csr_hostnames":[]},{"siteid":"756526","site_unid":"C5D00E3439A884C4BF7FA5E944BE9441","name":"ROSLIN - Sealey","switch":"Raleigh (MTX8)","techname":"Andujar, Lional","csr_hostnames":[]},{"siteid":"456550","site_unid":"CEF0FD8E2EA9922150C1A07E9338BD49","name":"SMC_VZWPROP_FAYETTEVILLE_ROBESONST_1 - A","switch":"Raleigh (MTX8)","techname":"McDuffie, Ashley","csr_hostnames":[]},{"siteid":"456871","site_unid":"5AE9B877D95DF8603BDB23F266F956E0","name":"SMC_WALMART_1312_NODE_A - A","switch":"Raleigh (MTX8)","techname":"Cox, William","csr_hostnames":[]},{"siteid":"0","site_unid":"E1F54A604F212F4589B6168236CC97D5","name":"IBR: NA  ABERDEEN STORE","switch":"RaleighA","techname":"Rhymer, Richard","csr_hostnames":[]},{"siteid":"0","site_unid":"AC8D58A86ED4DF2912C98BD23AFE94F7","name":"IBR: NA CATERPILLAR SANFORD","switch":"RaleighA","techname":"Swink, Michael","csr_hostnames":[]},{"siteid":"0","site_unid":"3D76284C6F2FE897C62C3165984DBB82","name":"IBR: NA DUNN WALMART","switch":"RaleighA","techname":"Cox, William","csr_hostnames":[]},{"siteid":"0","site_unid":"78323938B5D559A2DFE2A45A9084CEB3","name":"IBR: NA LEE COUNTY SCHOOLS","switch":"RaleighA","techname":"Rhymer, Richard","csr_hostnames":[]},{"siteid":"0","site_unid":"FC62B848CAAD43A2B65106F961FF5EB4","name":"IBR: NA MOEN IBA","switch":"RaleighA","techname":"Rhymer, Richard","csr_hostnames":[]},{"siteid":"0","site_unid":"90A7728CBE5A076EE2B889884DA3F5D8","name":"IBR: NA PINEHURST MEDICAL","switch":"RaleighA","techname":"Rhymer, Richard","csr_hostnames":[]},{"siteid":"0","site_unid":"CB6704956338BAC4196B47039CC08BAA","name":"IBR: NA SYSCO FOODS","switch":"RaleighA","techname":"Holmes, Herman","csr_hostnames":[]},{"siteid":"0","site_unid":"C42C0AF4AD6B6BE96FD61D57B0B61FB7","name":"IBR: NA WALMART SMITHFIELD REPEAT","switch":"RaleighA","techname":"Holmes, Herman","csr_hostnames":[]},{"siteid":"0","site_unid":"78079B86996A0BF791EDB04820B9D3D8","name":"IBR: NA ZURN","switch":"RaleighA","techname":"Swink, Michael","csr_hostnames":[]},{"siteid":"353","site_unid":"C65D94BB92D3C11116DCAD769DC185CA","name":"NA BENSON (ALLTEL REV)(TOWER ONLY)","switch":"RaleighA","techname":"Price, Kenthony","csr_hostnames":[]},{"siteid":"0","site_unid":"C9A2B2BF25A3B16E318769D6CF8BFF43","name":"NA JONESBORO [ALLTEL REV] [TOWER ONLY]","switch":"RaleighA","techname":"Rhymer, Richard","csr_hostnames":[]},{"siteid":"0","site_unid":"8FBE0694831228FEBEFEF040CE1A0D66","name":"NA MT OLIVE ALLTEL [Tower Only]","switch":"RaleighA","techname":"Price, Kenthony","csr_hostnames":[]},{"siteid":"184","site_unid":"D5D4F45D4A99A6F61932080FA62241DD","name":"NA QUAIL RIDGE [TOWER ONLY]","switch":"RaleighA","techname":"Rhymer, Richard","csr_hostnames":[]},{"siteid":"155835","site_unid":"27B02C5189ADBCB45C127B6093ACE544","name":"NA SEYMOUR_JOHNSON_AFB COW","switch":"RaleighA","techname":"Price, Kenthony","csr_hostnames":[]},{"siteid":"351","site_unid":"3B45C93A9CEE3AD2F6DEC3EB9A21305D","name":"NA SMITHFIELD (ALLTEL) [Tower Only]","switch":"RaleighA","techname":"Price, Kenthony","csr_hostnames":[]},{"siteid":"314","site_unid":"AD9A5B3F7DA65AE9CAA28D885EBF63CA","name":"NA VASS [ALLTEL REV] [TOWER ONLY]","switch":"RaleighA","techname":"Rhymer, Richard","csr_hostnames":[]},{"siteid":"455871","site_unid":"6B65F4DC57E1761C4F38A412A859D821","name":"SMC_DUNN_CUMBERLAND_1 - A","switch":"RaleighA","techname":"Cox, William","csr_hostnames":[]}]}